{
    "airports": [
        {
            "code": "JFK",
            "name": "John F. Kennedy International Airport",
            "city": "New York",
            "country": "United States",
            "timezone": "America/New_York"
        },
        {
            "code": "LAX",
            "name": "Los Angeles International Airport",
            "city": "Los Angeles",
            "country": "United States",
            "timezone": "America/Los_Angeles"
        },
        {
            "code": "ORD",
            "name": "O'Hare International Airport",
            "city": "Chicago",
            "country": "United States",
            "timezone": "America/Chicago"
        },
        {
            "code": "DFW",
            "name": "Dallas/Fort Worth International Airport",
            "city": "Dallas",
            "country": "United States",
            "timezone": "America/Chicago"
        },
        {
            "code": "DEN",
            "name": "Denver International Airport",
            "city": "Denver",
            "country": "United States",
            "timezone": "America/Denver"
        },
        {
            "code": "SFO",
            "name": "San Francisco International Airport",
            "city": "San Francisco",
            "country": "United States",
            "timezone": "America/Los_Angeles"
        },
        {
            "code": "SEA",
            "name": "Seattle-Tacoma International Airport",
            "city": "Seattle",
            "country": "United States",
            "timezone": "America/Los_Angeles"
        },
        {
            "code": "MIA",
            "name": "Miami International Airport",
            "city": "Miami",
            "country": "United States",
            "timezone": "America/New_York"
        },
        {
            "code": "ATL",
            "name": "Hartsfield-Jackson Atlanta International Airport",
            "city": "Atlanta",
            "country": "United States",
            "timezone": "America/New_York"
        },
        {
            "code": "BOS",
            "name": "Logan International Airport",
            "city": "Boston",
            "country": "United States",
            "timezone": "America/New_York"
        },
        {
            "code": "IAD",
            "name": "Washington Dulles International Airport",
            "city": "Washington",
            "country": "United States",
            "timezone": "America/New_York"
        },
        {
            "code": "EWR",
            "name": "Newark Liberty International Airport",
            "city": "Newark",
            "country": "United States",
            "timezone": "America/New_York"
        },
        {
            "code": "PHX",
            "name": "Phoenix Sky Harbor International Airport",
            "city": "Phoenix",
            "country": "United States",
            "timezone": "America/Phoenix"
        },
        {
            "code": "LAS",
            "name": "Harry Reid International Airport",
            "city": "Las Vegas",
            "country": "United States",
            "timezone": "America/Los_Angeles"
        },
        {
            "code": "MCO",
            "name": "Orlando International Airport",
            "city": "Orlando",
            "country": "United States",
            "timezone": "America/New_York"
        },
        {
            "code": "CLT",
            "name": "Charlotte Douglas International Airport",
            "city": "Charlotte",
            "country": "United States",
            "timezone": "America/New_York"
        },
        {
            "code": "PHL",
            "name": "Philadelphia International Airport",
            "city": "Philadelphia",
            "country": "United States",
            "timezone": "America/New_York"
        },
        {
            "code": "DTW",
            "name": "Detroit Metropolitan Airport",
            "city": "Detroit",
            "country": "United States",
            "timezone": "America/Detroit"
        },
        {
            "code": "MSP",
            "name": "Minneapolis-Saint Paul International Airport",
            "city": "Minneapolis",
            "country": "United States",
            "timezone": "America/Chicago"
        },
        {
            "code": "SLC",
            "name": "Salt Lake City International Airport",
            "city": "Salt Lake City",
            "country": "United States",
            "timezone": "America/Denver"
        },
        {
            "code": "BWI",
            "name": "Baltimore/Washington International Airport",
            "city": "Baltimore",
            "country": "United States",
            "timezone": "America/New_York"
        },
        {
            "code": "DCA",
            "name": "Ronald Reagan Washington National Airport",
            "city": "Washington",
            "country": "United States",
            "timezone": "America/New_York"
        },
        {
            "code": "SAN",
            "name": "San Diego International Airport",
            "city": "San Diego",
            "country": "United States",
            "timezone": "America/Los_Angeles"
        },
        {
            "code": "PDX",
            "name": "Portland International Airport",
            "city": "Portland",
            "country": "United States",
            "timezone": "America/Los_Angeles"
        },
        {
            "code": "HNL",
            "name": "Daniel K. Inouye International Airport",
            "city": "Honolulu",
            "country": "United States",
            "timezone": "Pacific/Honolulu"
        },
        {
            "code": "STL",
            "name": "St. Louis Lambert International Airport",
            "city": "St. Louis",
            "country": "United States",
            "timezone": "America/Chicago"
        },
        {
            "code": "TPA",
            "name": "Tampa International Airport",
            "city": "Tampa",
            "country": "United States",
            "timezone": "America/New_York"
        },
        {
            "code": "BNA",
            "name": "Nashville International Airport",
            "city": "Nashville",
            "country": "United States",
            "timezone": "America/Chicago"
        },
        {
            "code": "AUS",
            "name": "Austin-Bergstrom International Airport",
            "city": "Austin",
            "country": "United States",
            "timezone": "America/Chicago"
        },
        {
            "code": "MSY",
            "name": "Louis Armstrong New Orleans International Airport",
            "city": "New Orleans",
            "country": "United States",
            "timezone": "America/Chicago"
        },
        {
            "code": "RDU",
            "name": "Raleigh-Durham International Airport",
            "city": "Raleigh",
            "country": "United States",
            "timezone": "America/New_York"
        },
        {
            "code": "CLE",
            "name": "Cleveland Hopkins International Airport",
            "city": "Cleveland",
            "country": "United States",
            "timezone": "America/New_York"
        },
        {
            "code": "PIT",
            "name": "Pittsburgh International Airport",
            "city": "Pittsburgh",
            "country": "United States",
            "timezone": "America/New_York"
        },
        {
            "code": "IND",
            "name": "Indianapolis International Airport",
            "city": "Indianapolis",
            "country": "United States",
            "timezone": "America/New_York"
        },
        {
            "code": "CMH",
            "name": "John Glenn Columbus International Airport",
            "city": "Columbus",
            "country": "United States",
            "timezone": "America/New_York"
        },
        {
            "code": "CVG",
            "name": "Cincinnati/Northern Kentucky International Airport",
            "city": "Cincinnati",
            "country": "United States",
            "timezone": "America/New_York"
        },
        {
            "code": "MCI",
            "name": "Kansas City International Airport",
            "city": "Kansas City",
            "country": "United States",
            "timezone": "America/Chicago"
        },
        {
            "code": "MEM",
            "name": "Memphis International Airport",
            "city": "Memphis",
            "country": "United States",
            "timezone": "America/Chicago"
        },
        {
            "code": "OAK",
            "name": "Oakland International Airport",
            "city": "Oakland",
            "country": "United States",
            "timezone": "America/Los_Angeles"
        },
        {
            "code": "SJC",
            "name": "Norman Y. Mineta San Jose International Airport",
            "city": "San Jose",
            "country": "United States",
            "timezone": "America/Los_Angeles"
        },
        {
            "code": "SNA",
            "name": "John Wayne Airport",
            "city": "Santa Ana",
            "country": "United States",
            "timezone": "America/Los_Angeles"
        },
        {
            "code": "SMF",
            "name": "Sacramento International Airport",
            "city": "Sacramento",
            "country": "United States",
            "timezone": "America/Los_Angeles"
        },
        {
            "code": "SAT",
            "name": "San Antonio International Airport",
            "city": "San Antonio",
            "country": "United States",
            "timezone": "America/Chicago"
        },
        {
            "code": "RSW",
            "name": "Southwest Florida International Airport",
            "city": "Fort Myers",
            "country": "United States",
            "timezone": "America/New_York"
        },
        {
            "code": "PBI",
            "name": "Palm Beach International Airport",
            "city": "West Palm Beach",
            "country": "United States",
            "timezone": "America/New_York"
        },
        {
            "code": "FLL",
            "name": "Fort Lauderdale-Hollywood International Airport",
            "city": "Fort Lauderdale",
            "country": "United States",
            "timezone": "America/New_York"
        },
        {
            "code": "DAL",
            "name": "Dallas Love Field",
            "city": "Dallas",
            "country": "United States",
            "timezone": "America/Chicago"
        },
        {
            "code": "HOU",
            "name": "William P. Hobby Airport",
            "city": "Houston",
            "country": "United States",
            "timezone": "America/Chicago"
        },
        {
            "code": "IAH",
            "name": "George Bush Intercontinental Airport",
            "city": "Houston",
            "country": "United States",
            "timezone": "America/Chicago"
        },
        {
            "code": "MDW",
            "name": "Chicago Midway International Airport",
            "city": "Chicago",
            "country": "United States",
            "timezone": "America/Chicago"
        },
        {
            "code": "BUR",
            "name": "Hollywood Burbank Airport",
            "city": "Burbank",
            "country": "United States",
            "timezone": "America/Los_Angeles"
        },
        {
            "code": "ONT",
            "name": "Ontario International Airport",
            "city": "Ontario",
            "country": "United States",
            "timezone": "America/Los_Angeles"
        },
        {
            "code": "SDF",
            "name": "Louisville International Airport",
            "city": "Louisville",
            "country": "United States",
            "timezone": "America/New_York"
        },
        {
            "code": "MKE",
            "name": "Milwaukee Mitchell International Airport",
            "city": "Milwaukee",
            "country": "United States",
            "timezone": "America/Chicago"
        },
        {
            "code": "OMA",
            "name": "Eppley Airfield",
            "city": "Omaha",
            "country": "United States",
            "timezone": "America/Chicago"
        },
        {
            "code": "OKC",
            "name": "Will Rogers World Airport",
            "city": "Oklahoma City",
            "country": "United States",
            "timezone": "America/Chicago"
        },
        {
            "code": "TUL",
            "name": "Tulsa International Airport",
            "city": "Tulsa",
            "country": "United States",
            "timezone": "America/Chicago"
        },
        {
            "code": "ABQ",
            "name": "Albuquerque International Sunport",
            "city": "Albuquerque",
            "country": "United States",
            "timezone": "America/Denver"
        },
        {
            "code": "BOI",
            "name": "Boise Airport",
            "city": "Boise",
            "country": "United States",
            "timezone": "America/Denver"
        },
        {
            "code": "OGG",
            "name": "Kahului Airport",
            "city": "Kahului",
            "country": "United States",
            "timezone": "Pacific/Honolulu"
        },
        {
            "code": "KOA",
            "name": "Kona International Airport",
            "city": "Kailua-Kona",
            "country": "United States",
            "timezone": "Pacific/Honolulu"
        },
        {
            "code": "LIH",
            "name": "Lihue Airport",
            "city": "Lihue",
            "country": "United States",
            "timezone": "Pacific/Honolulu"
        },
        {
            "code": "ANC",
            "name": "Ted Stevens Anchorage International Airport",
            "city": "Anchorage",
            "country": "United States",
            "timezone": "America/Anchorage"
        },
        {
            "code": "FAI",
            "name": "Fairbanks International Airport",
            "city": "Fairbanks",
            "country": "United States",
            "timezone": "America/Anchorage"
        },
        {
            "code": "JNU",
            "name": "Juneau International Airport",
            "city": "Juneau",
            "country": "United States",
            "timezone": "America/Juneau"
        },
        {
            "code": "LHR",
            "name": "Heathrow Airport",
            "city": "London",
            "country": "United Kingdom",
            "timezone": "Europe/London"
        },
        {
            "code": "DXB",
            "name": "Dubai International Airport",
            "city": "Dubai",
            "country": "United Arab Emirates",
            "timezone": "Asia/Dubai"
        },
        {
            "code": "HND",
            "name": "Haneda Airport",
            "city": "Tokyo",
            "country": "Japan",
            "timezone": "Asia/Tokyo"
        },
        {
            "code": "CDG",
            "name": "Charles de Gaulle Airport",
            "city": "Paris",
            "country": "France",
            "timezone": "Europe/Paris"
        },
        {
            "code": "FRA",
            "name": "Frankfurt Airport",
            "city": "Frankfurt",
            "country": "Germany",
            "timezone": "Europe/Berlin"
        },
        {
            "code": "SIN",
            "name": "Changi Airport",
            "city": "Singapore",
            "country": "Singapore",
            "timezone": "Asia/Singapore"
        },
        {
            "code": "ICN",
            "name": "Incheon International Airport",
            "city": "Seoul",
            "country": "South Korea",
            "timezone": "Asia/Seoul"
        },
        {
            "code": "HKG",
            "name": "Hong Kong International Airport",
            "city": "Hong Kong",
            "country": "China",
            "timezone": "Asia/Hong_Kong"
        },
        {
            "code": "SYD",
            "name": "Sydney Airport",
            "city": "Sydney",
            "country": "Australia",
            "timezone": "Australia/Sydney"
        },
        {
            "code": "MEL",
            "name": "Melbourne Airport",
            "city": "Melbourne",
            "country": "Australia",
            "timezone": "Australia/Melbourne"
        },
        {
            "code": "YYZ",
            "name": "Toronto Pearson International Airport",
            "city": "Toronto",
            "country": "Canada",
            "timezone": "America/Toronto"
        },
        {
            "code": "YVR",
            "name": "Vancouver International Airport",
            "city": "Vancouver",
            "country": "Canada",
            "timezone": "America/Vancouver"
        },
        {
            "code": "AMS",
            "name": "Amsterdam Airport Schiphol",
            "city": "Amsterdam",
            "country": "Netherlands",
            "timezone": "Europe/Amsterdam"
        },
        {
            "code": "MAD",
            "name": "Adolfo Suárez Madrid–Barajas Airport",
            "city": "Madrid",
            "country": "Spain",
            "timezone": "Europe/Madrid"
        },
        {
            "code": "FCO",
            "name": "Leonardo da Vinci–Fiumicino Airport",
            "city": "Rome",
            "country": "Italy",
            "timezone": "Europe/Rome"
        },
        {
            "code": "IST",
            "name": "Istanbul Airport",
            "city": "Istanbul",
            "country": "Turkey",
            "timezone": "Europe/Istanbul"
        },
        {
            "code": "DEL",
            "name": "Indira Gandhi International Airport",
            "city": "New Delhi",
            "country": "India",
            "timezone": "Asia/Kolkata"
        },
        {
            "code": "BOM",
            "name": "Chhatrapati Shivaji Maharaj International Airport",
            "city": "Mumbai",
            "country": "India",
            "timezone": "Asia/Kolkata"
        },
        {
            "code": "PEK",
            "name": "Beijing Capital International Airport",
            "city": "Beijing",
            "country": "China",
            "timezone": "Asia/Shanghai"
        },
        {
            "code": "PVG",
            "name": "Shanghai Pudong International Airport",
            "city": "Shanghai",
            "country": "China",
            "timezone": "Asia/Shanghai"
        },
        {
            "code": "GRU",
            "name": "São Paulo/Guarulhos International Airport",
            "city": "São Paulo",
            "country": "Brazil",
            "timezone": "America/Sao_Paulo"
        },
        {
            "code": "GIG",
            "name": "Rio de Janeiro/Galeão International Airport",
            "city": "Rio de Janeiro",
            "country": "Brazil",
            "timezone": "America/Sao_Paulo"
        },
        {
            "code": "EZE",
            "name": "Ministro Pistarini International Airport",
            "city": "Buenos Aires",
            "country": "Argentina",
            "timezone": "America/Argentina/Buenos_Aires"
        },
        {
            "code": "SCL",
            "name": "Arturo Merino Benítez International Airport",
            "city": "Santiago",
            "country": "Chile",
            "timezone": "America/Santiago"
        },
        {
            "code": "MEX",
            "name": "Mexico City International Airport",
            "city": "Mexico City",
            "country": "Mexico",
            "timezone": "America/Mexico_City"
        },
        {
            "code": "DOH",
            "name": "Hamad International Airport",
            "city": "Doha",
            "country": "Qatar",
            "timezone": "Asia/Qatar"
        },
        {
            "code": "AUH",
            "name": "Abu Dhabi International Airport",
            "city": "Abu Dhabi",
            "country": "United Arab Emirates",
            "timezone": "Asia/Dubai"
        },
        {
            "code": "BKK",
            "name": "Suvarnabhumi Airport",
            "city": "Bangkok",
            "country": "Thailand",
            "timezone": "Asia/Bangkok"
        },
        {
            "code": "KUL",
            "name": "Kuala Lumpur International Airport",
            "city": "Kuala Lumpur",
            "country": "Malaysia",
            "timezone": "Asia/Kuala_Lumpur"
        },
        {
            "code": "MNL",
            "name": "Ninoy Aquino International Airport",
            "city": "Manila",
            "country": "Philippines",
            "timezone": "Asia/Manila"
        },
        {
            "code": "CGK",
            "name": "Soekarno–Hatta International Airport",
            "city": "Jakarta",
            "country": "Indonesia",
            "timezone": "Asia/Jakarta"
        },
        {
            "code": "CPT",
            "name": "Cape Town International Airport",
            "city": "Cape Town",
            "country": "South Africa",
            "timezone": "Africa/Johannesburg"
        },
        {
            "code": "JNB",
            "name": "O.R. Tambo International Airport",
            "city": "Johannesburg",
            "country": "South Africa",
            "timezone": "Africa/Johannesburg"
        },
        {
            "code": "CAI",
            "name": "Cairo International Airport",
            "city": "Cairo",
            "country": "Egypt",
            "timezone": "Africa/Cairo"
        },
        {
            "code": "NBO",
            "name": "Jomo Kenyatta International Airport",
            "city": "Nairobi",
            "country": "Kenya",
            "timezone": "Africa/Nairobi"
        },

        {
            "code": "ACC",
            "name": "Kotoka International Airport",
            "city": "Accra",
            "country": "Ghana",
            "timezone": "Africa/Accra"
        },
        {
            "code": "DAR",
            "name": "Julius Nyerere International Airport",
            "city": "Dar es Salaam",
            "country": "Tanzania",
            "timezone": "Africa/Dar_es_Salaam"
        },
        {
            "code": "JRO",
            "name": "Kilimanjaro International Airport",
            "city": "Kilimanjaro",
            "country": "Tanzania",
            "timezone": "Africa/Dar_es_Salaam"
        },
        {
            "code": "ADD",
            "name": "Bole International Airport",
            "city": "Addis Ababa",
            "country": "Ethiopia",
            "timezone": "Africa/Addis_Ababa"
        },
        {
            "code": "KRT",
            "name": "Khartoum International Airport",
            "city": "Khartoum",
            "country": "Sudan",
            "timezone": "Africa/Khartoum"
        },
        {
            "code": "CMN",
            "name": "Mohammed V International Airport",
            "city": "Casablanca",
            "country": "Morocco",
            "timezone": "Africa/Casablanca"
        },
        {
            "code": "ALG",
            "name": "Houari Boumediene Airport",
            "city": "Algiers",
            "country": "Algeria",
            "timezone": "Africa/Algiers"
        },
        {
            "code": "TUN",
            "name": "Tunis Carthage International Airport",
            "city": "Tunis",
            "country": "Tunisia",
            "timezone": "Africa/Tunis"
        },
        {
            "code": "LUN",
            "name": "Kenneth Kaunda International Airport",
            "city": "Lusaka",
            "country": "Zambia",
            "timezone": "Africa/Lusaka"
        },
        {
            "code": "HRE",
            "name": "Robert Gabriel Mugabe International Airport",
            "city": "Harare",
            "country": "Zimbabwe",
            "timezone": "Africa/Harare"
        },
        {
            "code": "GBE",
            "name": "Sir Seretse Khama International Airport",
            "city": "Gaborone",
            "country": "Botswana",
            "timezone": "Africa/Gaborone"
        },
        {
            "code": "MPM",
            "name": "Maputo International Airport",
            "city": "Maputo",
            "country": "Mozambique",
            "timezone": "Africa/Maputo"
        },
        {
            "code": "FIH",
            "name": "N'djili Airport",
            "city": "Kinshasa",
            "country": "Democratic Republic of the Congo",
            "timezone": "Africa/Kinshasa"
        },
        {
            "code": "SSA",
            "name": "Salvador Bahia Airport",
            "city": "Salvador",
            "country": "Brazil",
            "timezone": "America/Bahia"
        },
        {
            "code": "ZNZ",
            "name": "Zanzibar International Airport",
            "city": "Zanzibar",
            "country": "Tanzania",
            "timezone": "Africa/Dar_es_Salaam"
        },
        {
            "code": "MBA",
            "name": "Moi International Airport",
            "city": "Mombasa",
            "country": "Kenya",
            "timezone": "Africa/Nairobi"
        },
        {
            "code": "SEZ",
            "name": "Seychelles International Airport",
            "city": "Victoria",
            "country": "Seychelles",
            "timezone": "Indian/Mahe"
        },
        {
            "code": "MRU",
            "name": "Mauritius International Airport",
            "city": "Port Louis",
            "country": "Mauritius",
            "timezone": "Indian/Mauritius"
        },
        {
            "code": "RUN",
            "name": "Roland Garros Airport",
            "city": "Saint-Denis",
            "country": "Réunion",
            "timezone": "Indian/Reunion"
        },
        {
            "code": "LAD",
            "name": "Quatro de Fevereiro Airport",
            "city": "Luanda",
            "country": "Angola",
            "timezone": "Africa/Luanda"
        },
        {
            "code": "LOS",
            "name": "Murtala Muhammed International Airport",
            "city": "Lagos",
            "country": "Nigeria",
            "timezone": "Africa/Lagos"
        },
        {
            "code": "ABV",
            "name": "Nnamdi Azikiwe International Airport",
            "city": "Abuja",
            "country": "Nigeria",
            "timezone": "Africa/Lagos"
        },
        {
            "code": "KAN",
            "name": "Mallam Aminu Kano International Airport",
            "city": "Kano",
            "country": "Nigeria",
            "timezone": "Africa/Lagos"
        },

        {
            "code": "TLV",
            "name": "Ben Gurion Airport",
            "city": "Tel Aviv",
            "country": "Israel",
            "timezone": "Asia/Jerusalem"
        },
        {
            "code": "ATH",
            "name": "Athens International Airport",
            "city": "Athens",
            "country": "Greece",
            "timezone": "Europe/Athens"
        },
        {
            "code": "VIE",
            "name": "Vienna International Airport",
            "city": "Vienna",
            "country": "Austria",
            "timezone": "Europe/Vienna"
        },
        {
            "code": "ZRH",
            "name": "Zürich Airport",
            "city": "Zürich",
            "country": "Switzerland",
            "timezone": "Europe/Zurich"
        },
        {
            "code": "CPH",
            "name": "Copenhagen Airport",
            "city": "Copenhagen",
            "country": "Denmark",
            "timezone": "Europe/Copenhagen"
        },
        {
            "code": "OSL",
            "name": "Oslo Airport",
            "city": "Oslo",
            "country": "Norway",
            "timezone": "Europe/Oslo"
        },
        {
            "code": "ARN",
            "name": "Stockholm Arlanda Airport",
            "city": "Stockholm",
            "country": "Sweden",
            "timezone": "Europe/Stockholm"
        },
        {
            "code": "HEL",
            "name": "Helsinki Airport",
            "city": "Helsinki",
            "country": "Finland",
            "timezone": "Europe/Helsinki"
        },
        {
            "code": "DUB",
            "name": "Dublin Airport",
            "city": "Dublin",
            "country": "Ireland",
            "timezone": "Europe/Dublin"
        },
        {
            "code": "BRU",
            "name": "Brussels Airport",
            "city": "Brussels",
            "country": "Belgium",
            "timezone": "Europe/Brussels"
        },
        {
            "code": "LIS",
            "name": "Humberto Delgado Airport",
            "city": "Lisbon",
            "country": "Portugal",
            "timezone": "Europe/Lisbon"
        },
        {
            "code": "BCN",
            "name": "Barcelona–El Prat Airport",
            "city": "Barcelona",
            "country": "Spain",
            "timezone": "Europe/Madrid"
        },
        {
            "code": "MXP",
            "name": "Milan Malpensa Airport",
            "city": "Milan",
            "country": "Italy",
            "timezone": "Europe/Rome"
        },
        {
            "code": "ZAG",
            "name": "Zagreb Airport",
            "city": "Zagreb",
            "country": "Croatia",
            "timezone": "Europe/Zagreb"
        },
        {
            "code": "BUD",
            "name": "Budapest Ferenc Liszt International Airport",
            "city": "Budapest",
            "country": "Hungary",
            "timezone": "Europe/Budapest"
        },
        {
            "code": "PRG",
            "name": "Václav Havel Airport Prague",
            "city": "Prague",
            "country": "Czech Republic",
            "timezone": "Europe/Prague"
        },
        {
            "code": "WAW",
            "name": "Warsaw Chopin Airport",
            "city": "Warsaw",
            "country": "Poland",
            "timezone": "Europe/Warsaw"
        },
        {
            "code": "KBP",
            "name": "Boryspil International Airport",
            "city": "Kyiv",
            "country": "Ukraine",
            "timezone": "Europe/Kyiv"
        },
        {
            "code": "SVO",
            "name": "Sheremetyevo International Airport",
            "city": "Moscow",
            "country": "Russia",
            "timezone": "Europe/Moscow"
        },
        {
            "code": "DME",
            "name": "Domodedovo International Airport",
            "city": "Moscow",
            "country": "Russia",
            "timezone": "Europe/Moscow"
        },
        {
            "code": "LED",
            "name": "Pulkovo Airport",
            "city": "Saint Petersburg",
            "country": "Russia",
            "timezone": "Europe/Moscow"
        },
        {
            "code": "BAH",
            "name": "Bahrain International Airport",
            "city": "Manama",
            "country": "Bahrain",
            "timezone": "Asia/Bahrain"
        },
        {
            "code": "KWI",
            "name": "Kuwait International Airport",
            "city": "Kuwait City",
            "country": "Kuwait",
            "timezone": "Asia/Kuwait"
        },
        {
            "code": "RUH",
            "name": "King Khalid International Airport",
            "city": "Riyadh",
            "country": "Saudi Arabia",
            "timezone": "Asia/Riyadh"
        },
        {
            "code": "JED",
            "name": "King Abdulaziz International Airport",
            "city": "Jeddah",
            "country": "Saudi Arabia",
            "timezone": "Asia/Riyadh"
        },
        {
            "code": "MCT",
            "name": "Muscat International Airport",
            "city": "Muscat",
            "country": "Oman",
            "timezone": "Asia/Muscat"
        },
        {
            "code": "DMK",
            "name": "Don Mueang International Airport",
            "city": "Bangkok",
            "country": "Thailand",
            "timezone": "Asia/Bangkok"
        },
        {
            "code": "CNX",
            "name": "Chiang Mai International Airport",
            "city": "Chiang Mai",
            "country": "Thailand",
            "timezone": "Asia/Bangkok"
        },
        {
            "code": "HKT",
            "name": "Phuket International Airport",
            "city": "Phuket",
            "country": "Thailand",
            "timezone": "Asia/Bangkok"
        },
        {
            "code": "SGN",
            "name": "Tan Son Nhat International Airport",
            "city": "Ho Chi Minh City",
            "country": "Vietnam",
            "timezone": "Asia/Ho_Chi_Minh"
        },
        {
            "code": "HAN",
            "name": "Noi Bai International Airport",
            "city": "Hanoi",
            "country": "Vietnam",
            "timezone": "Asia/Ho_Chi_Minh"
        },
        {
            "code": "REP",
            "name": "Siem Reap International Airport",
            "city": "Siem Reap",
            "country": "Cambodia",
            "timezone": "Asia/Phnom_Penh"
        },
        {
            "code": "PNH",
            "name": "Phnom Penh International Airport",
            "city": "Phnom Penh",
            "country": "Cambodia",
            "timezone": "Asia/Phnom_Penh"
        },
        {
            "code": "RGN",
            "name": "Yangon International Airport",
            "city": "Yangon",
            "country": "Myanmar",
            "timezone": "Asia/Yangon"
        },
        {
            "code": "PEN",
            "name": "Penang International Airport",
            "city": "Penang",
            "country": "Malaysia",
            "timezone": "Asia/Kuala_Lumpur"
        },
        {
            "code": "DPS",
            "name": "Ngurah Rai International Airport",
            "city": "Denpasar",
            "country": "Indonesia",
            "timezone": "Asia/Makassar"
        },
        {
            "code": "CEB",
            "name": "Mactan–Cebu International Airport",
            "city": "Cebu",
            "country": "Philippines",
            "timezone": "Asia/Manila"
        },
        {
            "code": "GMP",
            "name": "Gimpo International Airport",
            "city": "Seoul",
            "country": "South Korea",
            "timezone": "Asia/Seoul"
        },
        {
            "code": "PUS",
            "name": "Gimhae International Airport",
            "city": "Busan",
            "country": "South Korea",
            "timezone": "Asia/Seoul"
        },
        {
            "code": "NRT",
            "name": "Narita International Airport",
            "city": "Tokyo",
            "country": "Japan",
            "timezone": "Asia/Tokyo"
        },
        {
            "code": "KIX",
            "name": "Kansai International Airport",
            "city": "Osaka",
            "country": "Japan",
            "timezone": "Asia/Tokyo"
        },
        {
            "code": "FUK",
            "name": "Fukuoka Airport",
            "city": "Fukuoka",
            "country": "Japan",
            "timezone": "Asia/Tokyo"
        },
        {
            "code": "CTS",
            "name": "New Chitose Airport",
            "city": "Sapporo",
            "country": "Japan",
            "timezone": "Asia/Tokyo"
        },
        {
            "code": "CAN",
            "name": "Guangzhou Baiyun International Airport",
            "city": "Guangzhou",
            "country": "China",
            "timezone": "Asia/Shanghai"
        },
        {
            "code": "SZX",
            "name": "Shenzhen Bao'an International Airport",
            "city": "Shenzhen",
            "country": "China",
            "timezone": "Asia/Shanghai"
        },
        {
            "code": "CTU",
            "name": "Chengdu Shuangliu International Airport",
            "city": "Chengdu",
            "country": "China",
            "timezone": "Asia/Shanghai"
        },
        {
            "code": "MFM",
            "name": "Macau International Airport",
            "city": "Macau",
            "country": "China",
            "timezone": "Asia/Macau"
        },
        {
            "code": "TPE",
            "name": "Taiwan Taoyuan International Airport",
            "city": "Taipei",
            "country": "Taiwan",
            "timezone": "Asia/Taipei"
        },
        {
            "code": "KHH",
            "name": "Kaohsiung International Airport",
            "city": "Kaohsiung",
            "country": "Taiwan",
            "timezone": "Asia/Taipei"
        },
        {
            "code": "MAA",
            "name": "Chennai International Airport",
            "city": "Chennai",
            "country": "India",
            "timezone": "Asia/Kolkata"
        },
        {
            "code": "BLR",
            "name": "Kempegowda International Airport",
            "city": "Bangalore",
            "country": "India",
            "timezone": "Asia/Kolkata"
        },
        {
            "code": "HYD",
            "name": "Rajiv Gandhi International Airport",
            "city": "Hyderabad",
            "country": "India",
            "timezone": "Asia/Kolkata"
        },
        {
            "code": "CCU",
            "name": "Netaji Subhas Chandra Bose International Airport",
            "city": "Kolkata",
            "country": "India",
            "timezone": "Asia/Kolkata"
        },
        {
            "code": "COK",
            "name": "Cochin International Airport",
            "city": "Kochi",
            "country": "India",
            "timezone": "Asia/Kolkata"
        },
        {
            "code": "TRV",
            "name": "Trivandrum International Airport",
            "city": "Thiruvananthapuram",
            "country": "India",
            "timezone": "Asia/Kolkata"
        },
        {
            "code": "GOI",
            "name": "Dabolim Airport",
            "city": "Goa",
            "country": "India",
            "timezone": "Asia/Kolkata"
        },
        {
            "code": "AMD",
            "name": "Sardar Vallabhbhai Patel International Airport",
            "city": "Ahmedabad",
            "country": "India",
            "timezone": "Asia/Kolkata"
        },
        {
            "code": "JAI",
            "name": "Jaipur International Airport",
            "city": "Jaipur",
            "country": "India",
            "timezone": "Asia/Kolkata"
        },
        {
            "code": "LKO",
            "name": "Chaudhary Charan Singh International Airport",
            "city": "Lucknow",
            "country": "India",
            "timezone": "Asia/Kolkata"
        },
        {
            "code": "VNS",
            "name": "Lal Bahadur Shastri International Airport",
            "city": "Varanasi",
            "country": "India",
            "timezone": "Asia/Kolkata"
        },
        {
            "code": "IXC",
            "name": "Chandigarh International Airport",
            "city": "Chandigarh",
            "country": "India",
            "timezone": "Asia/Kolkata"
        },
        {
            "code": "IXB",
            "name": "Bagdogra International Airport",
            "city": "Siliguri",
            "country": "India",
            "timezone": "Asia/Kolkata"
        },
        {
            "code": "GAU",
            "name": "Lokpriya Gopinath Bordoloi International Airport",
            "city": "Guwahati",
            "country": "India",
            "timezone": "Asia/Kolkata"
        },
        {
            "code": "PAT",
            "name": "Jay Prakash Narayan Airport",
            "city": "Patna",
            "country": "India",
            "timezone": "Asia/Kolkata"
        },
        {
            "code": "IXM",
            "name": "Madurai International Airport",
            "city": "Madurai",
            "country": "India",
            "timezone": "Asia/Kolkata"
        },
        {
            "code": "TRZ",
            "name": "Tiruchirappalli International Airport",
            "city": "Tiruchirappalli",
            "country": "India",
            "timezone": "Asia/Kolkata"
        },
        {
            "code": "CJB",
            "name": "Coimbatore International Airport",
            "city": "Coimbatore",
            "country": "India",
            "timezone": "Asia/Kolkata"
        },
        {
            "code": "IXE",
            "name": "Mangalore International Airport",
            "city": "Mangalore",
            "country": "India",
            "timezone": "Asia/Kolkata"
        },
        {
            "code": "IXJ",
            "name": "Jammu Airport",
            "city": "Jammu",
            "country": "India",
            "timezone": "Asia/Kolkata"
        },
        {
            "code": "IXL",
            "name": "Kushok Bakula Rimpochee Airport",
            "city": "Leh",
            "country": "India",
            "timezone": "Asia/Kolkata"
        },
        {
            "code": "IXD",
            "name": "Bamrauli Airport",
            "city": "Allahabad",
            "country": "India",
            "timezone": "Asia/Kolkata"
        },
        {
            "code": "IXK",
            "name": "Keshod Airport",
            "city": "Keshod",
            "country": "India",
            "timezone": "Asia/Kolkata"
        },
        {
            "code": "IXH",
            "name": "Kailashahar Airport",
            "city": "Kailashahar",
            "country": "India",
            "timezone": "Asia/Kolkata"
        },
        {
            "code": "IXI",
            "name": "Lilabari Airport",
            "city": "Lilabari",
            "country": "India",
            "timezone": "Asia/Kolkata"
        },
        {
            "code": "IXN",
            "name": "Khowai Airport",
            "city": "Khowai",
            "country": "India",
            "timezone": "Asia/Kolkata"
        },
        {
            "code": "IXP",
            "name": "Pathankot Airport",
            "city": "Pathankot",
            "country": "India",
            "timezone": "Asia/Kolkata"
        },
        {
            "code": "IXQ",
            "name": "Kamalpur Airport",
            "city": "Kamalpur",
            "country": "India",
            "timezone": "Asia/Kolkata"
        },
        {
            "code": "IXS",
            "name": "Kumbhirgram Airport",
            "city": "Silchar",
            "country": "India",
            "timezone": "Asia/Kolkata"
        },
        {
            "code": "IXT",
            "name": "Pasighat Airport",
            "city": "Pasighat",
            "country": "India",
            "timezone": "Asia/Kolkata"
        },
        {
            "code": "IXV",
            "name": "Along Airport",
            "city": "Along",
            "country": "India",
            "timezone": "Asia/Kolkata"
        },
        {
            "code": "IXW",
            "name": "Sonari Airport",
            "city": "Jamshedpur",
            "country": "India",
            "timezone": "Asia/Kolkata"
        },
        {
            "code": "IXY",
            "name": "Kandla Airport",
            "city": "Kandla",
            "country": "India",
            "timezone": "Asia/Kolkata"
        },
        {
            "code": "LGA",
            "name": "LaGuardia Airport",
            "city": "New York",
            "country": "United States",
            "timezone": "America/New_York"
        },
        {
            "code": "HPN",
            "name": "Westchester County Airport",
            "city": "White Plains",
            "country": "United States",
            "timezone": "America/New_York"
        },
        {
            "code": "SWF",
            "name": "Stewart International Airport",
            "city": "Newburgh",
            "country": "United States",
            "timezone": "America/New_York"
        },
        {
            "code": "ISP",
            "name": "Long Island MacArthur Airport",
            "city": "Islip",
            "country": "United States",
            "timezone": "America/New_York"
        },
        {
            "code": "BUF",
            "name": "Buffalo Niagara International Airport",
            "city": "Buffalo",
            "country": "United States",
            "timezone": "America/New_York"
        },
        {
            "code": "ROC",
            "name": "Greater Rochester International Airport",
            "city": "Rochester",
            "country": "United States",
            "timezone": "America/New_York"
        },
        {
            "code": "SYR",
            "name": "Syracuse Hancock International Airport",
            "city": "Syracuse",
            "country": "United States",
            "timezone": "America/New_York"
        },
        {
            "code": "ALB",
            "name": "Albany International Airport",
            "city": "Albany",
            "country": "United States",
            "timezone": "America/New_York"
        },
        {
            "code": "BDL",
            "name": "Bradley International Airport",
            "city": "Hartford",
            "country": "United States",
            "timezone": "America/New_York"
        },
        {
            "code": "PVD",
            "name": "T. F. Green Airport",
            "city": "Providence",
            "country": "United States",
            "timezone": "America/New_York"
        },
        {
            "code": "MHT",
            "name": "Manchester-Boston Regional Airport",
            "city": "Manchester",
            "country": "United States",
            "timezone": "America/New_York"
        },
        {
            "code": "PWM",
            "name": "Portland International Jetport",
            "city": "Portland",
            "country": "United States",
            "timezone": "America/New_York"
        },
        {
            "code": "BGR",
            "name": "Bangor International Airport",
            "city": "Bangor",
            "country": "United States",
            "timezone": "America/New_York"
        },
        {
            "code": "BTV",
            "name": "Burlington International Airport",
            "city": "Burlington",
            "country": "United States",
            "timezone": "America/New_York"
        },
        {
            "code": "SBA",
            "name": "Santa Barbara Municipal Airport",
            "city": "Santa Barbara",
            "country": "United States",
            "timezone": "America/Los_Angeles"
        },
        {
            "code": "PSP",
            "name": "Palm Springs International Airport",
            "city": "Palm Springs",
            "country": "United States",
            "timezone": "America/Los_Angeles"
        },
        {
            "code": "FAT",
            "name": "Fresno Yosemite International Airport",
            "city": "Fresno",
            "country": "United States",
            "timezone": "America/Los_Angeles"
        },
        {
            "code": "SBP",
            "name": "San Luis Obispo County Regional Airport",
            "city": "San Luis Obispo",
            "country": "United States",
            "timezone": "America/Los_Angeles"
        },
        {
            "code": "MRY",
            "name": "Monterey Regional Airport",
            "city": "Monterey",
            "country": "United States",
            "timezone": "America/Los_Angeles"
        },
        {
            "code": "STS",
            "name": "Charles M. Schulz–Sonoma County Airport",
            "city": "Santa Rosa",
            "country": "United States",
            "timezone": "America/Los_Angeles"
        },
        {
            "code": "RNO",
            "name": "Reno-Tahoe International Airport",
            "city": "Reno",
            "country": "United States",
            "timezone": "America/Los_Angeles"
        },
        {
            "code": "SRQ",
            "name": "Sarasota-Bradenton International Airport",
            "city": "Sarasota",
            "country": "United States",
            "timezone": "America/New_York"
        },
        {
            "code": "PNS",
            "name": "Pensacola International Airport",
            "city": "Pensacola",
            "country": "United States",
            "timezone": "America/Chicago"
        },
        {
            "code": "TLH",
            "name": "Tallahassee International Airport",
            "city": "Tallahassee",
            "country": "United States",
            "timezone": "America/New_York"
        },
        {
            "code": "JAX",
            "name": "Jacksonville International Airport",
            "city": "Jacksonville",
            "country": "United States",
            "timezone": "America/New_York"
        },
        {
            "code": "DAB",
            "name": "Daytona Beach International Airport",
            "city": "Daytona Beach",
            "country": "United States",
            "timezone": "America/New_York"
        },
        {
            "code": "MLB",
            "name": "Melbourne Orlando International Airport",
            "city": "Melbourne",
            "country": "United States",
            "timezone": "America/New_York"
        },
        {
            "code": "VPS",
            "name": "Destin-Fort Walton Beach Airport",
            "city": "Valparaiso",
            "country": "United States",
            "timezone": "America/Chicago"
        },
        {
            "code": "ECP",
            "name": "Northwest Florida Beaches International Airport",
            "city": "Panama City",
            "country": "United States",
            "timezone": "America/Chicago"
        },
        {
            "code": "GNV",
            "name": "Gainesville Regional Airport",
            "city": "Gainesville",
            "country": "United States",
            "timezone": "America/New_York"
        },
        {
            "code": "DSM",
            "name": "Des Moines International Airport",
            "city": "Des Moines",
            "country": "United States",
            "timezone": "America/Chicago"
        },
        {
            "code": "CID",
            "name": "The Eastern Iowa Airport",
            "city": "Cedar Rapids",
            "country": "United States",
            "timezone": "America/Chicago"
        },
        {
            "code": "MLI",
            "name": "Quad City International Airport",
            "city": "Moline",
            "country": "United States",
            "timezone": "America/Chicago"
        },
        {
            "code": "PIA",
            "name": "General Wayne A. Downing Peoria International Airport",
            "city": "Peoria",
            "country": "United States",
            "timezone": "America/Chicago"
        },
        {
            "code": "BMI",
            "name": "Central Illinois Regional Airport",
            "city": "Bloomington",
            "country": "United States",
            "timezone": "America/Chicago"
        },
        {
            "code": "GRR",
            "name": "Gerald R. Ford International Airport",
            "city": "Grand Rapids",
            "country": "United States",
            "timezone": "America/New_York"
        },
        {
            "code": "FNT",
            "name": "Bishop International Airport",
            "city": "Flint",
            "country": "United States",
            "timezone": "America/New_York"
        },
        {
            "code": "LAN",
            "name": "Capital Region International Airport",
            "city": "Lansing",
            "country": "United States",
            "timezone": "America/New_York"
        },
        {
            "code": "GRB",
            "name": "Austin Straubel International Airport",
            "city": "Green Bay",
            "country": "United States",
            "timezone": "America/Chicago"
        },
        {
            "code": "MSN",
            "name": "Dane County Regional Airport",
            "city": "Madison",
            "country": "United States",
            "timezone": "America/Chicago"
        },
        {
            "code": "BHM",
            "name": "Birmingham-Shuttlesworth International Airport",
            "city": "Birmingham",
            "country": "United States",
            "timezone": "America/Chicago"
        },
        {
            "code": "HSV",
            "name": "Huntsville International Airport",
            "city": "Huntsville",
            "country": "United States",
            "timezone": "America/Chicago"
        },
        {
            "code": "MOB",
            "name": "Mobile Regional Airport",
            "city": "Mobile",
            "country": "United States",
            "timezone": "America/Chicago"
        },
        {
            "code": "BTR",
            "name": "Baton Rouge Metropolitan Airport",
            "city": "Baton Rouge",
            "country": "United States",
            "timezone": "America/Chicago"
        },
        {
            "code": "LFT",
            "name": "Lafayette Regional Airport",
            "city": "Lafayette",
            "country": "United States",
            "timezone": "America/Chicago"
        },
        {
            "code": "SHV",
            "name": "Shreveport Regional Airport",
            "city": "Shreveport",
            "country": "United States",
            "timezone": "America/Chicago"
        },
        {
            "code": "LIT",
            "name": "Clinton National Airport",
            "city": "Little Rock",
            "country": "United States",
            "timezone": "America/Chicago"
        },
        {
            "code": "XNA",
            "name": "Northwest Arkansas National Airport",
            "city": "Fayetteville",
            "country": "United States",
            "timezone": "America/Chicago"
        },
        {
            "code": "MAF",
            "name": "Midland International Air and Space Port",
            "city": "Midland",
            "country": "United States",
            "timezone": "America/Chicago"
        },
        {
            "code": "ELP",
            "name": "El Paso International Airport",
            "city": "El Paso",
            "country": "United States",
            "timezone": "America/Denver"
        },
        {
            "code": "GEG",
            "name": "Spokane International Airport",
            "city": "Spokane",
            "country": "United States",
            "timezone": "America/Los_Angeles"
        },
        {
            "code": "EUG",
            "name": "Eugene Airport",
            "city": "Eugene",
            "country": "United States",
            "timezone": "America/Los_Angeles"
        },
        {
            "code": "RDM",
            "name": "Redmond Municipal Airport",
            "city": "Redmond",
            "country": "United States",
            "timezone": "America/Los_Angeles"
        },
        {
            "code": "MFR",
            "name": "Rogue Valley International-Medford Airport",
            "city": "Medford",
            "country": "United States",
            "timezone": "America/Los_Angeles"
        },
        {
            "code": "BZN",
            "name": "Bozeman Yellowstone International Airport",
            "city": "Bozeman",
            "country": "United States",
            "timezone": "America/Denver"
        },
        {
            "code": "MSO",
            "name": "Missoula International Airport",
            "city": "Missoula",
            "country": "United States",
            "timezone": "America/Denver"
        },
        {
            "code": "GTF",
            "name": "Great Falls International Airport",
            "city": "Great Falls",
            "country": "United States",
            "timezone": "America/Denver"
        },
        {
            "code": "BIL",
            "name": "Billings Logan International Airport",
            "city": "Billings",
            "country": "United States",
            "timezone": "America/Denver"
        },
        {
            "code": "COS",
            "name": "Colorado Springs Airport",
            "city": "Colorado Springs",
            "country": "United States",
            "timezone": "America/Denver"
        },
        {
            "code": "ASE",
            "name": "Aspen/Pitkin County Airport",
            "city": "Aspen",
            "country": "United States",
            "timezone": "America/Denver"
        },
        {
            "code": "EGE",
            "name": "Eagle County Regional Airport",
            "city": "Eagle",
            "country": "United States",
            "timezone": "America/Denver"
        },
        {
            "code": "GJT",
            "name": "Grand Junction Regional Airport",
            "city": "Grand Junction",
            "country": "United States",
            "timezone": "America/Denver"
        },
        {
            "code": "DRO",
            "name": "Durango-La Plata County Airport",
            "city": "Durango",
            "country": "United States",
            "timezone": "America/Denver"
        },
        {
            "code": "TUS",
            "name": "Tucson International Airport",
            "city": "Tucson",
            "country": "United States",
            "timezone": "America/Phoenix"
        },
        {
            "code": "FLG",
            "name": "Flagstaff Pulliam Airport",
            "city": "Flagstaff",
            "country": "United States",
            "timezone": "America/Phoenix"
        },
        {
            "code": "PRC",
            "name": "Prescott Regional Airport",
            "city": "Prescott",
            "country": "United States",
            "timezone": "America/Phoenix"
        },
        {
            "code": "YUM",
            "name": "Yuma International Airport",
            "city": "Yuma",
            "country": "United States",
            "timezone": "America/Phoenix"
        },
        {
            "code": "IFP",
            "name": "Laughlin/Bullhead International Airport",
            "city": "Bullhead City",
            "country": "United States",
            "timezone": "America/Phoenix"
        },
        {
            "code": "PSC",
            "name": "Tri-Cities Airport",
            "city": "Pasco",
            "country": "United States",
            "timezone": "America/Los_Angeles"
        },
        {
            "code": "ALW",
            "name": "Walla Walla Regional Airport",
            "city": "Walla Walla",
            "country": "United States",
            "timezone": "America/Los_Angeles"
        },
        {
            "code": "YKM",
            "name": "Yakima Air Terminal",
            "city": "Yakima",
            "country": "United States",
            "timezone": "America/Los_Angeles"
        },
        {
            "code": "BLI",
            "name": "Bellingham International Airport",
            "city": "Bellingham",
            "country": "United States",
            "timezone": "America/Los_Angeles"
        },
        {
            "code": "PAE",
            "name": "Paine Field",
            "city": "Everett",
            "country": "United States",
            "timezone": "America/Los_Angeles"
        },
        {
            "code": "MBJ",
            "name": "Sangster International Airport",
            "city": "Montego Bay",
            "country": "Jamaica",
            "timezone": "America/Jamaica"
        },
        {
            "code": "BGI",
            "name": "Grantley Adams International Airport",
            "city": "Bridgetown",
            "country": "Barbados",
            "timezone": "America/Barbados"
        },
        {
            "code": "NAS",
            "name": "Lynden Pindling International Airport",
            "city": "Nassau",
            "country": "Bahamas",
            "timezone": "America/Nassau"
        },
        {
            "code": "POS",
            "name": "Piarco International Airport",
            "city": "Port of Spain",
            "country": "Trinidad and Tobago",
            "timezone": "America/Port_of_Spain"
        },
        {
            "code": "HAV",
            "name": "José Martí International Airport",
            "city": "Havana",
            "country": "Cuba",
            "timezone": "America/Havana"
        },
        {
            "code": "SJU",
            "name": "Luis Muñoz Marín International Airport",
            "city": "San Juan",
            "country": "Puerto Rico",
            "timezone": "America/Puerto_Rico"
        },
        {
            "code": "SDQ",
            "name": "Las Américas International Airport",
            "city": "Santo Domingo",
            "country": "Dominican Republic",
            "timezone": "America/Santo_Domingo"
        },
        {
            "code": "PAP",
            "name": "Toussaint Louverture International Airport",
            "city": "Port-au-Prince",
            "country": "Haiti",
            "timezone": "America/Port-au-Prince"
        },
        {
            "code": "GND",
            "name": "Maurice Bishop International Airport",
            "city": "St. George's",
            "country": "Grenada",
            "timezone": "America/Grenada"
        },
        {
            "code": "UVF",
            "name": "Hewanorra International Airport",
            "city": "Vieux Fort",
            "country": "Saint Lucia",
            "timezone": "America/St_Lucia"
        },
        {
            "code": "ANU",
            "name": "V.C. Bird International Airport",
            "city": "St. John's",
            "country": "Antigua and Barbuda",
            "timezone": "America/Antigua"
        },
        {
            "code": "GCM",
            "name": "Owen Roberts International Airport",
            "city": "George Town",
            "country": "Cayman Islands",
            "timezone": "America/Cayman"
        },
        {
            "code": "AUA",
            "name": "Queen Beatrix International Airport",
            "city": "Oranjestad",
            "country": "Aruba",
            "timezone": "America/Aruba"
        },
        {
            "code": "CUR",
            "name": "Hato International Airport",
            "city": "Willemstad",
            "country": "Curaçao",
            "timezone": "America/Curacao"
        },
        {
            "code": "BON",
            "name": "Flamingo International Airport",
            "city": "Kralendijk",
            "country": "Bonaire",
            "timezone": "America/Kralendijk"
        },
        {
            "code": "SKB",
            "name": "Robert L. Bradshaw International Airport",
            "city": "Basseterre",
            "country": "Saint Kitts and Nevis",
            "timezone": "America/St_Kitts"
        },
        {
            "code": "DOM",
            "name": "Douglas-Charles Airport",
            "city": "Roseau",
            "country": "Dominica",
            "timezone": "America/Dominica"
        },
        {
            "code": "BDA",
            "name": "L.F. Wade International Airport",
            "city": "Hamilton",
            "country": "Bermuda",
            "timezone": "Atlantic/Bermuda"
        },
        {
            "code": "BER",
            "name": "Berlin Brandenburg Airport",
            "city": "Berlin",
            "country": "Germany",
            "timezone": "Europe/Berlin"
        },
        {
            "code": "MUC",
            "name": "Munich Airport",
            "city": "Munich",
            "country": "Germany",
            "timezone": "Europe/Berlin"
        },
        {
            "code": "ORY",
            "name": "Paris Orly Airport",
            "city": "Paris",
            "country": "France",
            "timezone": "Europe/Paris"
        },
        {
            "code": "LGW",
            "name": "London Gatwick Airport",
            "city": "London",
            "country": "United Kingdom",
            "timezone": "Europe/London"
        },
        {
            "code": "STN",
            "name": "London Stansted Airport",
            "city": "London",
            "country": "United Kingdom",
            "timezone": "Europe/London"
        },
        {
            "code": "MAN",
            "name": "Manchester Airport",
            "city": "Manchester",
            "country": "United Kingdom",
            "timezone": "Europe/London"
        },
        {
            "code": "BHX",
            "name": "Birmingham Airport",
            "city": "Birmingham",
            "country": "United Kingdom",
            "timezone": "Europe/London"
        },
        {
            "code": "EDI",
            "name": "Edinburgh Airport",
            "city": "Edinburgh",
            "country": "United Kingdom",
            "timezone": "Europe/London"
        },
        {
            "code": "GLA",
            "name": "Glasgow Airport",
            "city": "Glasgow",
            "country": "United Kingdom",
            "timezone": "Europe/London"
        },
        {
            "code": "GVA",
            "name": "Geneva Airport",
            "city": "Geneva",
            "country": "Switzerland",
            "timezone": "Europe/Zurich"
        },
        {
            "code": "BSL",
            "name": "EuroAirport Basel Mulhouse Freiburg",
            "city": "Basel",
            "country": "Switzerland",
            "timezone": "Europe/Zurich"
        },
        {
            "code": "IKA",
            "name": "Imam Khomeini International Airport",
            "city": "Tehran",
            "country": "Iran",
            "timezone": "Asia/Tehran"
        },
        {
            "code": "AMM",
            "name": "Queen Alia International Airport",
            "city": "Amman",
            "country": "Jordan",
            "timezone": "Asia/Amman"
        },
        {
            "code": "BEY",
            "name": "Beirut-Rafic Hariri International Airport",
            "city": "Beirut",
            "country": "Lebanon",
            "timezone": "Asia/Beirut"
        },
        {
            "code": "DMM",
            "name": "King Fahd International Airport",
            "city": "Dammam",
            "country": "Saudi Arabia",
            "timezone": "Asia/Riyadh"
        },
        {
            "code": "MED",
            "name": "Prince Mohammad bin Abdulaziz Airport",
            "city": "Medina",
            "country": "Saudi Arabia",
            "timezone": "Asia/Riyadh"
        },
        {
            "code": "SHJ",
            "name": "Sharjah International Airport",
            "city": "Sharjah",
            "country": "United Arab Emirates",
            "timezone": "Asia/Dubai"
        },
        {
            "code": "DWC",
            "name": "Al Maktoum International Airport",
            "city": "Dubai",
            "country": "United Arab Emirates",
            "timezone": "Asia/Dubai"
        },
        {
            "code": "ALY",
            "name": "Alexandria International Airport",
            "city": "Alexandria",
            "country": "Egypt",
            "timezone": "Africa/Cairo"
        },
        {
            "code": "HRG",
            "name": "Hurghada International Airport",
            "city": "Hurghada",
            "country": "Egypt",
            "timezone": "Africa/Cairo"
        },
        {
            "code": "LXR",
            "name": "Luxor International Airport",
            "city": "Luxor",
            "country": "Egypt",
            "timezone": "Africa/Cairo"
        },
        {
            "code": "SSH",
            "name": "Sharm El Sheikh International Airport",
            "city": "Sharm El Sheikh",
            "country": "Egypt",
            "timezone": "Africa/Cairo"
        },
        {
            "code": "AKL",
            "name": "Auckland Airport",
            "city": "Auckland",
            "country": "New Zealand",
            "timezone": "Pacific/Auckland"
        },
        {
            "code": "WLG",
            "name": "Wellington International Airport",
            "city": "Wellington",
            "country": "New Zealand",
            "timezone": "Pacific/Auckland"
        },
        {
            "code": "CHC",
            "name": "Christchurch International Airport",
            "city": "Christchurch",
            "country": "New Zealand",
            "timezone": "Pacific/Auckland"
        },
        {
            "code": "ZQN",
            "name": "Queenstown Airport",
            "city": "Queenstown",
            "country": "New Zealand",
            "timezone": "Pacific/Auckland"
        }
    ]
}
