{
    "airports": [
        {
            "code": "JFK",
            "name": "John F. Kennedy",
            "city": "New York",
            "country": "United States",
            "timezone": "America/New_York"
        },
        {
            "code": "LAX",
            "name": "Los Angeles",
            "city": "Los Angeles",
            "country": "United States",
            "timezone": "America/Los_Angeles"
        },
        {
            "code": "ORD",
            "name": "O'Hare",
            "city": "Chicago",
            "country": "United States",
            "timezone": "America/Chicago"
        },
        {
            "code": "DFW",
            "name": "Dallas/Fort Worth",
            "city": "Dallas",
            "country": "United States",
            "timezone": "America/Chicago"
        },
        {
            "code": "DEN",
            "name": "Denver",
            "city": "Denver",
            "country": "United States",
            "timezone": "America/Denver"
        },
        {
            "code": "SFO",
            "name": "San Francisco",
            "city": "San Francisco",
            "country": "United States",
            "timezone": "America/Los_Angeles"
        },
        {
            "code": "SEA",
            "name": "Seattle-Tacoma",
            "city": "Seattle",
            "country": "United States",
            "timezone": "America/Los_Angeles"
        },
        {
            "code": "MIA",
            "name": "Miami",
            "city": "Miami",
            "country": "United States",
            "timezone": "America/New_York"
        },
        {
            "code": "ATL",
            "name": "Hartsfield-Jackson Atlanta",
            "city": "Atlanta",
            "country": "United States",
            "timezone": "America/New_York"
        },
        {
            "code": "BOS",
            "name": "Logan",
            "city": "Boston",
            "country": "United States",
            "timezone": "America/New_York"
        },
        {
            "code": "IAD",
            "name": "Washington Dulles",
            "city": "Washington",
            "country": "United States",
            "timezone": "America/New_York"
        },
        {
            "code": "EWR",
            "name": "Newark Liberty",
            "city": "Newark",
            "country": "United States",
            "timezone": "America/New_York"
        },
        {
            "code": "PHX",
            "name": "Phoenix Sky Harbor",
            "city": "Phoenix",
            "country": "United States",
            "timezone": "America/Phoenix"
        },
        {
            "code": "LAS",
            "name": "Harry Reid",
            "city": "Las Vegas",
            "country": "United States",
            "timezone": "America/Los_Angeles"
        },
        {
            "code": "MCO",
            "name": "Orlando",
            "city": "Orlando",
            "country": "United States",
            "timezone": "America/New_York"
        },
        {
            "code": "CLT",
            "name": "Charlotte Douglas",
            "city": "Charlotte",
            "country": "United States",
            "timezone": "America/New_York"
        },
        {
            "code": "PHL",
            "name": "Philadelphia",
            "city": "Philadelphia",
            "country": "United States",
            "timezone": "America/New_York"
        },
        {
            "code": "DTW",
            "name": "Detroit Metropolitan",
            "city": "Detroit",
            "country": "United States",
            "timezone": "America/Detroit"
        },
        {
            "code": "MSP",
            "name": "Minneapolis-Saint Paul",
            "city": "Minneapolis",
            "country": "United States",
            "timezone": "America/Chicago"
        },
        {
            "code": "SLC",
            "name": "Salt Lake City",
            "city": "Salt Lake City",
            "country": "United States",
            "timezone": "America/Denver"
        },
        {
            "code": "BWI",
            "name": "Baltimore/Washington",
            "city": "Baltimore",
            "country": "United States",
            "timezone": "America/New_York"
        },
        {
            "code": "DCA",
            "name": "Ronald Reagan Washington National",
            "city": "Washington",
            "country": "United States",
            "timezone": "America/New_York"
        },
        {
            "code": "SAN",
            "name": "San Diego",
            "city": "San Diego",
            "country": "United States",
            "timezone": "America/Los_Angeles"
        },
        {
            "code": "PDX",
            "name": "Portland",
            "city": "Portland",
            "country": "United States",
            "timezone": "America/Los_Angeles"
        },
        {
            "code": "HNL",
            "name": "Daniel K. Inouye",
            "city": "Honolulu",
            "country": "United States",
            "timezone": "Pacific/Honolulu"
        },
        {
            "code": "STL",
            "name": "St. Louis Lambert",
            "city": "St. Louis",
            "country": "United States",
            "timezone": "America/Chicago"
        },
        {
            "code": "TPA",
            "name": "Tampa",
            "city": "Tampa",
            "country": "United States",
            "timezone": "America/New_York"
        },
        {
            "code": "BNA",
            "name": "Nashville",
            "city": "Nashville",
            "country": "United States",
            "timezone": "America/Chicago"
        },
        {
            "code": "AUS",
            "name": "Austin-Bergstrom",
            "city": "Austin",
            "country": "United States",
            "timezone": "America/Chicago"
        },
        {
            "code": "MSY",
            "name": "Louis Armstrong New Orleans",
            "city": "New Orleans",
            "country": "United States",
            "timezone": "America/Chicago"
        },
        {
            "code": "RDU",
            "name": "Raleigh-Durham",
            "city": "Raleigh",
            "country": "United States",
            "timezone": "America/New_York"
        },
        {
            "code": "CLE",
            "name": "Cleveland Hopkins",
            "city": "Cleveland",
            "country": "United States",
            "timezone": "America/New_York"
        },
        {
            "code": "PIT",
            "name": "Pittsburgh",
            "city": "Pittsburgh",
            "country": "United States",
            "timezone": "America/New_York"
        },
        {
            "code": "IND",
            "name": "Indianapolis",
            "city": "Indianapolis",
            "country": "United States",
            "timezone": "America/New_York"
        },
        {
            "code": "CMH",
            "name": "John Glenn Columbus",
            "city": "Columbus",
            "country": "United States",
            "timezone": "America/New_York"
        },
        {
            "code": "CVG",
            "name": "Cincinnati/Northern Kentucky",
            "city": "Cincinnati",
            "country": "United States",
            "timezone": "America/New_York"
        },
        {
            "code": "MCI",
            "name": "Kansas City",
            "city": "Kansas City",
            "country": "United States",
            "timezone": "America/Chicago"
        },
        {
            "code": "MEM",
            "name": "Memphis",
            "city": "Memphis",
            "country": "United States",
            "timezone": "America/Chicago"
        },
        {
            "code": "OAK",
            "name": "Oakland",
            "city": "Oakland",
            "country": "United States",
            "timezone": "America/Los_Angeles"
        },
        {
            "code": "SJC",
            "name": "Norman Y. Mineta San Jose",
            "city": "San Jose",
            "country": "United States",
            "timezone": "America/Los_Angeles"
        },
        {
            "code": "SNA",
            "name": "John Wayne",
            "city": "Santa Ana",
            "country": "United States",
            "timezone": "America/Los_Angeles"
        },
        {
            "code": "SMF",
            "name": "Sacramento",
            "city": "Sacramento",
            "country": "United States",
            "timezone": "America/Los_Angeles"
        },
        {
            "code": "SAT",
            "name": "San Antonio",
            "city": "San Antonio",
            "country": "United States",
            "timezone": "America/Chicago"
        },
        {
            "code": "RSW",
            "name": "Southwest Florida",
            "city": "Fort Myers",
            "country": "United States",
            "timezone": "America/New_York"
        },
        {
            "code": "PBI",
            "name": "Palm Beach",
            "city": "West Palm Beach",
            "country": "United States",
            "timezone": "America/New_York"
        },
        {
            "code": "FLL",
            "name": "Fort Lauderdale-Hollywood",
            "city": "Fort Lauderdale",
            "country": "United States",
            "timezone": "America/New_York"
        },
        {
            "code": "DAL",
            "name": "Dallas Love Field",
            "city": "Dallas",
            "country": "United States",
            "timezone": "America/Chicago"
        },
        {
            "code": "HOU",
            "name": "William P. Hobby",
            "city": "Houston",
            "country": "United States",
            "timezone": "America/Chicago"
        },
        {
            "code": "IAH",
            "name": "George Bush Intercontinental",
            "city": "Houston",
            "country": "United States",
            "timezone": "America/Chicago"
        },
        {
            "code": "MDW",
            "name": "Chicago Midway",
            "city": "Chicago",
            "country": "United States",
            "timezone": "America/Chicago"
        },
        {
            "code": "BUR",
            "name": "Hollywood Burbank",
            "city": "Burbank",
            "country": "United States",
            "timezone": "America/Los_Angeles"
        },
        {
            "code": "ONT",
            "name": "Ontario",
            "city": "Ontario",
            "country": "United States",
            "timezone": "America/Los_Angeles"
        },
        {
            "code": "SDF",
            "name": "Louisville",
            "city": "Louisville",
            "country": "United States",
            "timezone": "America/New_York"
        },
        {
            "code": "MKE",
            "name": "Milwaukee Mitchell",
            "city": "Milwaukee",
            "country": "United States",
            "timezone": "America/Chicago"
        },
        {
            "code": "OMA",
            "name": "Eppley Airfield",
            "city": "Omaha",
            "country": "United States",
            "timezone": "America/Chicago"
        },
        {
            "code": "OKC",
            "name": "Will Rogers World",
            "city": "Oklahoma City",
            "country": "United States",
            "timezone": "America/Chicago"
        },
        {
            "code": "TUL",
            "name": "Tulsa",
            "city": "Tulsa",
            "country": "United States",
            "timezone": "America/Chicago"
        },
        {
            "code": "ABQ",
            "name": "Albuquerque Sunport",
            "city": "Albuquerque",
            "country": "United States",
            "timezone": "America/Denver"
        },
        {
            "code": "BOI",
            "name": "Boise",
            "city": "Boise",
            "country": "United States",
            "timezone": "America/Denver"
        },
        {
            "code": "OGG",
            "name": "Kahului",
            "city": "Kahului",
            "country": "United States",
            "timezone": "Pacific/Honolulu"
        },
        {
            "code": "KOA",
            "name": "Kona",
            "city": "Kailua-Kona",
            "country": "United States",
            "timezone": "Pacific/Honolulu"
        },
        {
            "code": "LIH",
            "name": "Lihue",
            "city": "Lihue",
            "country": "United States",
            "timezone": "Pacific/Honolulu"
        },
        {
            "code": "ANC",
            "name": "Ted Stevens Anchorage",
            "city": "Anchorage",
            "country": "United States",
            "timezone": "America/Anchorage"
        },
        {
            "code": "FAI",
            "name": "Fairbanks",
            "city": "Fairbanks",
            "country": "United States",
            "timezone": "America/Anchorage"
        },
        {
            "code": "JNU",
            "name": "Juneau",
            "city": "Juneau",
            "country": "United States",
            "timezone": "America/Juneau"
        },
        {
            "code": "LHR",
            "name": "Heathrow",
            "city": "London",
            "country": "United Kingdom",
            "timezone": "Europe/London"
        },
        {
            "code": "DXB",
            "name": "Dubai",
            "city": "Dubai",
            "country": "United Arab Emirates",
            "timezone": "Asia/Dubai"
        },
        {
            "code": "HND",
            "name": "Haneda",
            "city": "Tokyo",
            "country": "Japan",
            "timezone": "Asia/Tokyo"
        },
        {
            "code": "CDG",
            "name": "Charles de Gaulle",
            "city": "Paris",
            "country": "France",
            "timezone": "Europe/Paris"
        },
        {
            "code": "FRA",
            "name": "Frankfurt",
            "city": "Frankfurt",
            "country": "Germany",
            "timezone": "Europe/Berlin"
        },
        {
            "code": "SIN",
            "name": "Changi",
            "city": "Singapore",
            "country": "Singapore",
            "timezone": "Asia/Singapore"
        },
        {
            "code": "ICN",
            "name": "Incheon",
            "city": "Seoul",
            "country": "South Korea",
            "timezone": "Asia/Seoul"
        },
        {
            "code": "HKG",
            "name": "Hong Kong",
            "city": "Hong Kong",
            "country": "China",
            "timezone": "Asia/Hong_Kong"
        },
        {
            "code": "SYD",
            "name": "Sydney",
            "city": "Sydney",
            "country": "Australia",
            "timezone": "Australia/Sydney"
        },
        {
            "code": "MEL",
            "name": "Melbourne",
            "city": "Melbourne",
            "country": "Australia",
            "timezone": "Australia/Melbourne"
        },
        {
            "code": "YYZ",
            "name": "Toronto Pearson",
            "city": "Toronto",
            "country": "Canada",
            "timezone": "America/Toronto"
        },
        {
            "code": "YVR",
            "name": "Vancouver",
            "city": "Vancouver",
            "country": "Canada",
            "timezone": "America/Vancouver"
        },
        {
            "code": "AMS",
            "name": "Amsterdam Schiphol",
            "city": "Amsterdam",
            "country": "Netherlands",
            "timezone": "Europe/Amsterdam"
        },
        {
            "code": "MAD",
            "name": "Adolfo Suárez Madrid–Barajas",
            "city": "Madrid",
            "country": "Spain",
            "timezone": "Europe/Madrid"
        },
        {
            "code": "FCO",
            "name": "Leonardo da Vinci–Fiumicino",
            "city": "Rome",
            "country": "Italy",
            "timezone": "Europe/Rome"
        },
        {
            "code": "IST",
            "name": "Istanbul",
            "city": "Istanbul",
            "country": "Turkey",
            "timezone": "Europe/Istanbul"
        },
        {
            "code": "DEL",
            "name": "Indira Gandhi",
            "city": "New Delhi",
            "country": "India",
            "timezone": "Asia/Kolkata"
        },
        {
            "code": "BOM",
            "name": "Chhatrapati Shivaji Maharaj",
            "city": "Mumbai",
            "country": "India",
            "timezone": "Asia/Kolkata"
        },
        {
            "code": "PEK",
            "name": "Beijing Capital",
            "city": "Beijing",
            "country": "China",
            "timezone": "Asia/Shanghai"
        },
        {
            "code": "PVG",
            "name": "Shanghai Pudong",
            "city": "Shanghai",
            "country": "China",
            "timezone": "Asia/Shanghai"
        },
        {
            "code": "GRU",
            "name": "São Paulo/Guarulhos",
            "city": "São Paulo",
            "country": "Brazil",
            "timezone": "America/Sao_Paulo"
        },
        {
            "code": "GIG",
            "name": "Rio de Janeiro/Galeão",
            "city": "Rio de Janeiro",
            "country": "Brazil",
            "timezone": "America/Sao_Paulo"
        },
        {
            "code": "EZE",
            "name": "Ministro Pistarini",
            "city": "Buenos Aires",
            "country": "Argentina",
            "timezone": "America/Argentina/Buenos_Aires"
        },
        {
            "code": "SCL",
            "name": "Arturo Merino Benítez",
            "city": "Santiago",
            "country": "Chile",
            "timezone": "America/Santiago"
        },
        {
            "code": "MEX",
            "name": "Mexico City",
            "city": "Mexico City",
            "country": "Mexico",
            "timezone": "America/Mexico_City"
        },
        {
            "code": "DOH",
            "name": "Hamad",
            "city": "Doha",
            "country": "Qatar",
            "timezone": "Asia/Qatar"
        },
        {
            "code": "AUH",
            "name": "Abu Dhabi",
            "city": "Abu Dhabi",
            "country": "United Arab Emirates",
            "timezone": "Asia/Dubai"
        },
        {
            "code": "BKK",
            "name": "Suvarnabhumi",
            "city": "Bangkok",
            "country": "Thailand",
            "timezone": "Asia/Bangkok"
        },
        {
            "code": "KUL",
            "name": "Kuala Lumpur",
            "city": "Kuala Lumpur",
            "country": "Malaysia",
            "timezone": "Asia/Kuala_Lumpur"
        },
        {
            "code": "MNL",
            "name": "Ninoy Aquino",
            "city": "Manila",
            "country": "Philippines",
            "timezone": "Asia/Manila"
        },
        {
            "code": "CGK",
            "name": "Soekarno–Hatta",
            "city": "Jakarta",
            "country": "Indonesia",
            "timezone": "Asia/Jakarta"
        },
        {
            "code": "CPT",
            "name": "Cape Town",
            "city": "Cape Town",
            "country": "South Africa",
            "timezone": "Africa/Johannesburg"
        },
        {
            "code": "JNB",
            "name": "O.R. Tambo",
            "city": "Johannesburg",
            "country": "South Africa",
            "timezone": "Africa/Johannesburg"
        },
        {
            "code": "CAI",
            "name": "Cairo",
            "city": "Cairo",
            "country": "Egypt",
            "timezone": "Africa/Cairo"
        },
        {
            "code": "NBO",
            "name": "Jomo Kenyatta",
            "city": "Nairobi",
            "country": "Kenya",
            "timezone": "Africa/Nairobi"
        },
        {
            "code": "ACC",
            "name": "Kotoka",
            "city": "Accra",
            "country": "Ghana",
            "timezone": "Africa/Accra"
        },
        {
            "code": "DAR",
            "name": "Julius Nyerere",
            "city": "Dar es Salaam",
            "country": "Tanzania",
            "timezone": "Africa/Dar_es_Salaam"
        },
        {
            "code": "JRO",
            "name": "Kilimanjaro",
            "city": "Kilimanjaro",
            "country": "Tanzania",
            "timezone": "Africa/Dar_es_Salaam"
        },
        {
            "code": "ADD",
            "name": "Bole",
            "city": "Addis Ababa",
            "country": "Ethiopia",
            "timezone": "Africa/Addis_Ababa"
        },
        {
            "code": "KRT",
            "name": "Khartoum",
            "city": "Khartoum",
            "country": "Sudan",
            "timezone": "Africa/Khartoum"
        },
        {
            "code": "CMN",
            "name": "Mohammed V",
            "city": "Casablanca",
            "country": "Morocco",
            "timezone": "Africa/Casablanca"
        },
        {
            "code": "ALG",
            "name": "Houari Boumediene",
            "city": "Algiers",
            "country": "Algeria",
            "timezone": "Africa/Algiers"
        },
        {
            "code": "TUN",
            "name": "Tunis Carthage",
            "city": "Tunis",
            "country": "Tunisia",
            "timezone": "Africa/Tunis"
        },
        {
            "code": "LUN",
            "name": "Kenneth Kaunda",
            "city": "Lusaka",
            "country": "Zambia",
            "timezone": "Africa/Lusaka"
        },
        {
            "code": "HRE",
            "name": "Robert Gabriel Mugabe",
            "city": "Harare",
            "country": "Zimbabwe",
            "timezone": "Africa/Harare"
        },
        {
            "code": "GBE",
            "name": "Sir Seretse Khama",
            "city": "Gaborone",
            "country": "Botswana",
            "timezone": "Africa/Gaborone"
        },
        {
            "code": "MPM",
            "name": "Maputo",
            "city": "Maputo",
            "country": "Mozambique",
            "timezone": "Africa/Maputo"
        },
        {
            "code": "FIH",
            "name": "N'djili",
            "city": "Kinshasa",
            "country": "Democratic Republic of the Congo",
            "timezone": "Africa/Kinshasa"
        },
        {
            "code": "SSA",
            "name": "Salvador Bahia",
            "city": "Salvador",
            "country": "Brazil",
            "timezone": "America/Bahia"
        },
        {
            "code": "ZNZ",
            "name": "Zanzibar",
            "city": "Zanzibar",
            "country": "Tanzania",
            "timezone": "Africa/Dar_es_Salaam"
        },
        {
            "code": "MBA",
            "name": "Moi",
            "city": "Mombasa",
            "country": "Kenya",
            "timezone": "Africa/Nairobi"
        },
        {
            "code": "SEZ",
            "name": "Seychelles",
            "city": "Victoria",
            "country": "Seychelles",
            "timezone": "Indian/Mahe"
        },
        {
            "code": "MRU",
            "name": "Mauritius",
            "city": "Port Louis",
            "country": "Mauritius",
            "timezone": "Indian/Mauritius"
        },
        {
            "code": "RUN",
            "name": "Roland Garros",
            "city": "Saint-Denis",
            "country": "Réunion",
            "timezone": "Indian/Reunion"
        },
        {
            "code": "LAD",
            "name": "Quatro de Fevereiro",
            "city": "Luanda",
            "country": "Angola",
            "timezone": "Africa/Luanda"
        },
        {
            "code": "LOS",
            "name": "Murtala Muhammed",
            "city": "Lagos",
            "country": "Nigeria",
            "timezone": "Africa/Lagos"
        },
        {
            "code": "ABV",
            "name": "Nnamdi Azikiwe",
            "city": "Abuja",
            "country": "Nigeria",
            "timezone": "Africa/Lagos"
        },
        {
            "code": "KAN",
            "name": "Mallam Aminu Kano",
            "city": "Kano",
            "country": "Nigeria",
            "timezone": "Africa/Lagos"
        },
        {
            "code": "TLV",
            "name": "Ben Gurion",
            "city": "Tel Aviv",
            "country": "Israel",
            "timezone": "Asia/Jerusalem"
        },
        {
            "code": "ATH",
            "name": "Athens",
            "city": "Athens",
            "country": "Greece",
            "timezone": "Europe/Athens"
        },
        {
            "code": "VIE",
            "name": "Vienna",
            "city": "Vienna",
            "country": "Austria",
            "timezone": "Europe/Vienna"
        },
        {
            "code": "ZRH",
            "name": "Zürich",
            "city": "Zürich",
            "country": "Switzerland",
            "timezone": "Europe/Zurich"
        },
        {
            "code": "CPH",
            "name": "Copenhagen",
            "city": "Copenhagen",
            "country": "Denmark",
            "timezone": "Europe/Copenhagen"
        },
        {
            "code": "OSL",
            "name": "Oslo",
            "city": "Oslo",
            "country": "Norway",
            "timezone": "Europe/Oslo"
        },
        {
            "code": "ARN",
            "name": "Stockholm Arlanda",
            "city": "Stockholm",
            "country": "Sweden",
            "timezone": "Europe/Stockholm"
        },
        {
            "code": "HEL",
            "name": "Helsinki",
            "city": "Helsinki",
            "country": "Finland",
            "timezone": "Europe/Helsinki"
        },
        {
            "code": "DUB",
            "name": "Dublin",
            "city": "Dublin",
            "country": "Ireland",
            "timezone": "Europe/Dublin"
        },
        {
            "code": "BRU",
            "name": "Brussels",
            "city": "Brussels",
            "country": "Belgium",
            "timezone": "Europe/Brussels"
        },
        {
            "code": "LIS",
            "name": "Humberto Delgado",
            "city": "Lisbon",
            "country": "Portugal",
            "timezone": "Europe/Lisbon"
        },
        {
            "code": "BCN",
            "name": "Barcelona–El Prat",
            "city": "Barcelona",
            "country": "Spain",
            "timezone": "Europe/Madrid"
        },
        {
            "code": "MXP",
            "name": "Milan Malpensa",
            "city": "Milan",
            "country": "Italy",
            "timezone": "Europe/Rome"
        },
        {
            "code": "ZAG",
            "name": "Zagreb",
            "city": "Zagreb",
            "country": "Croatia",
            "timezone": "Europe/Zagreb"
        },
        {
            "code": "BUD",
            "name": "Budapest Ferenc Liszt",
            "city": "Budapest",
            "country": "Hungary",
            "timezone": "Europe/Budapest"
        },
        {
            "code": "PRG",
            "name": "Václav Havel Prague",
            "city": "Prague",
            "country": "Czech Republic",
            "timezone": "Europe/Prague"
        },
        {
            "code": "WAW",
            "name": "Warsaw Chopin",
            "city": "Warsaw",
            "country": "Poland",
            "timezone": "Europe/Warsaw"
        },
        {
            "code": "KBP",
            "name": "Boryspil",
            "city": "Kyiv",
            "country": "Ukraine",
            "timezone": "Europe/Kyiv"
        },
        {
            "code": "SVO",
            "name": "Sheremetyevo",
            "city": "Moscow",
            "country": "Russia",
            "timezone": "Europe/Moscow"
        },
        {
            "code": "DME",
            "name": "Domodedovo",
            "city": "Moscow",
            "country": "Russia",
            "timezone": "Europe/Moscow"
        },
        {
            "code": "LED",
            "name": "Pulkovo",
            "city": "Saint Petersburg",
            "country": "Russia",
            "timezone": "Europe/Moscow"
        },
        {
            "code": "BAH",
            "name": "Bahrain",
            "city": "Manama",
            "country": "Bahrain",
            "timezone": "Asia/Bahrain"
        },
        {
            "code": "KWI",
            "name": "Kuwait",
            "city": "Kuwait City",
            "country": "Kuwait",
            "timezone": "Asia/Kuwait"
        },
        {
            "code": "RUH",
            "name": "King Khalid",
            "city": "Riyadh",
            "country": "Saudi Arabia",
            "timezone": "Asia/Riyadh"
        },
        {
            "code": "JED",
            "name": "King Abdulaziz",
            "city": "Jeddah",
            "country": "Saudi Arabia",
            "timezone": "Asia/Riyadh"
        },
        {
            "code": "MCT",
            "name": "Muscat",
            "city": "Muscat",
            "country": "Oman",
            "timezone": "Asia/Muscat"
        },
        {
            "code": "DMK",
            "name": "Don Mueang",
            "city": "Bangkok",
            "country": "Thailand",
            "timezone": "Asia/Bangkok"
        },
        {
            "code": "CNX",
            "name": "Chiang Mai",
            "city": "Chiang Mai",
            "country": "Thailand",
            "timezone": "Asia/Bangkok"
        },
        {
            "code": "HKT",
            "name": "Phuket",
            "city": "Phuket",
            "country": "Thailand",
            "timezone": "Asia/Bangkok"
        },
        {
            "code": "SGN",
            "name": "Tan Son Nhat",
            "city": "Ho Chi Minh City",
            "country": "Vietnam",
            "timezone": "Asia/Ho_Chi_Minh"
        },
        {
            "code": "HAN",
            "name": "Noi Bai",
            "city": "Hanoi",
            "country": "Vietnam",
            "timezone": "Asia/Ho_Chi_Minh"
        },
        {
            "code": "REP",
            "name": "Siem Reap",
            "city": "Siem Reap",
            "country": "Cambodia",
            "timezone": "Asia/Phnom_Penh"
        },
        {
            "code": "PNH",
            "name": "Phnom Penh",
            "city": "Phnom Penh",
            "country": "Cambodia",
            "timezone": "Asia/Phnom_Penh"
        },
        {
            "code": "RGN",
            "name": "Yangon",
            "city": "Yangon",
            "country": "Myanmar",
            "timezone": "Asia/Yangon"
        },
        {
            "code": "PEN",
            "name": "Penang",
            "city": "Penang",
            "country": "Malaysia",
            "timezone": "Asia/Kuala_Lumpur"
        },
        {
            "code": "DPS",
            "name": "Ngurah Rai",
            "city": "Denpasar",
            "country": "Indonesia",
            "timezone": "Asia/Makassar"
        },
        {
            "code": "CEB",
            "name": "Mactan–Cebu",
            "city": "Cebu",
            "country": "Philippines",
            "timezone": "Asia/Manila"
        },
        {
            "code": "GMP",
            "name": "Gimpo",
            "city": "Seoul",
            "country": "South Korea",
            "timezone": "Asia/Seoul"
        },
        {
            "code": "PUS",
            "name": "Gimhae",
            "city": "Busan",
            "country": "South Korea",
            "timezone": "Asia/Seoul"
        },
        {
            "code": "NRT",
            "name": "Narita",
            "city": "Tokyo",
            "country": "Japan",
            "timezone": "Asia/Tokyo"
        },
        {
            "code": "KIX",
            "name": "Kansai",
            "city": "Osaka",
            "country": "Japan",
            "timezone": "Asia/Tokyo"
        },
        {
            "code": "FUK",
            "name": "Fukuoka",
            "city": "Fukuoka",
            "country": "Japan",
            "timezone": "Asia/Tokyo"
        },
        {
            "code": "CTS",
            "name": "New Chitose",
            "city": "Sapporo",
            "country": "Japan",
            "timezone": "Asia/Tokyo"
        },
        {
            "code": "CAN",
            "name": "Guangzhou Baiyun",
            "city": "Guangzhou",
            "country": "China",
            "timezone": "Asia/Shanghai"
        },
        {
            "code": "SZX",
            "name": "Shenzhen Bao'an",
            "city": "Shenzhen",
            "country": "China",
            "timezone": "Asia/Shanghai"
        },
        {
            "code": "CTU",
            "name": "Chengdu Shuangliu",
            "city": "Chengdu",
            "country": "China",
            "timezone": "Asia/Shanghai"
        },
        {
            "code": "MFM",
            "name": "Macau",
            "city": "Macau",
            "country": "China",
            "timezone": "Asia/Macau"
        },
        {
            "code": "TPE",
            "name": "Taiwan Taoyuan",
            "city": "Taipei",
            "country": "Taiwan",
            "timezone": "Asia/Taipei"
        },
        {
            "code": "KHH",
            "name": "Kaohsiung",
            "city": "Kaohsiung",
            "country": "Taiwan",
            "timezone": "Asia/Taipei"
        },
        {
            "code": "MAA",
            "name": "Chennai",
            "city": "Chennai",
            "country": "India",
            "timezone": "Asia/Kolkata"
        },
        {
            "code": "BLR",
            "name": "Kempegowda",
            "city": "Bangalore",
            "country": "India",
            "timezone": "Asia/Kolkata"
        },
        {
            "code": "HYD",
            "name": "Rajiv Gandhi",
            "city": "Hyderabad",
            "country": "India",
            "timezone": "Asia/Kolkata"
        },
        {
            "code": "CCU",
            "name": "Netaji Subhas Chandra Bose",
            "city": "Kolkata",
            "country": "India",
            "timezone": "Asia/Kolkata"
        },
        {
            "code": "COK",
            "name": "Cochin",
            "city": "Kochi",
            "country": "India",
            "timezone": "Asia/Kolkata"
        },
        {
            "code": "TRV",
            "name": "Trivandrum",
            "city": "Thiruvananthapuram",
            "country": "India",
            "timezone": "Asia/Kolkata"
        },
        {
            "code": "GOI",
            "name": "Dabolim",
            "city": "Goa",
            "country": "India",
            "timezone": "Asia/Kolkata"
        },
        {
            "code": "AMD",
            "name": "Sardar Vallabhbhai Patel",
            "city": "Ahmedabad",
            "country": "India",
            "timezone": "Asia/Kolkata"
        },
        {
            "code": "JAI",
            "name": "Jaipur",
            "city": "Jaipur",
            "country": "India",
            "timezone": "Asia/Kolkata"
        },
        {
            "code": "LKO",
            "name": "Chaudhary Charan Singh",
            "city": "Lucknow",
            "country": "India",
            "timezone": "Asia/Kolkata"
        },
        {
            "code": "VNS",
            "name": "Lal Bahadur Shastri",
            "city": "Varanasi",
            "country": "India",
            "timezone": "Asia/Kolkata"
        },
        {
            "code": "IXC",
            "name": "Chandigarh",
            "city": "Chandigarh",
            "country": "India",
            "timezone": "Asia/Kolkata"
        },
        {
            "code": "IXB",
            "name": "Bagdogra",
            "city": "Siliguri",
            "country": "India",
            "timezone": "Asia/Kolkata"
        },
        {
            "code": "GAU",
            "name": "Lokpriya Gopinath Bordoloi",
            "city": "Guwahati",
            "country": "India",
            "timezone": "Asia/Kolkata"
        },
        {
            "code": "PAT",
            "name": "Jay Prakash Narayan",
            "city": "Patna",
            "country": "India",
            "timezone": "Asia/Kolkata"
        },
        {
            "code": "IXM",
            "name": "Madurai",
            "city": "Madurai",
            "country": "India",
            "timezone": "Asia/Kolkata"
        },
        {
            "code": "TRZ",
            "name": "Tiruchirappalli",
            "city": "Tiruchirappalli",
            "country": "India",
            "timezone": "Asia/Kolkata"
        },
        {
            "code": "CJB",
            "name": "Coimbatore",
            "city": "Coimbatore",
            "country": "India",
            "timezone": "Asia/Kolkata"
        },
        {
            "code": "IXE",
            "name": "Mangalore",
            "city": "Mangalore",
            "country": "India",
            "timezone": "Asia/Kolkata"
        },
        {
            "code": "IXJ",
            "name": "Jammu",
            "city": "Jammu",
            "country": "India",
            "timezone": "Asia/Kolkata"
        },
        {
            "code": "IXL",
            "name": "Kushok Bakula Rimpochee",
            "city": "Leh",
            "country": "India",
            "timezone": "Asia/Kolkata"
        },
        {
            "code": "IXD",
            "name": "Bamrauli",
            "city": "Allahabad",
            "country": "India",
            "timezone": "Asia/Kolkata"
        },
        {
            "code": "IXK",
            "name": "Keshod",
            "city": "Keshod",
            "country": "India",
            "timezone": "Asia/Kolkata"
        },
        {
            "code": "IXH",
            "name": "Kailashahar",
            "city": "Kailashahar",
            "country": "India",
            "timezone": "Asia/Kolkata"
        },
        {
            "code": "IXI",
            "name": "Lilabari",
            "city": "Lilabari",
            "country": "India",
            "timezone": "Asia/Kolkata"
        },
        {
            "code": "IXN",
            "name": "Khowai",
            "city": "Khowai",
            "country": "India",
            "timezone": "Asia/Kolkata"
        },
        {
            "code": "IXP",
            "name": "Pathankot",
            "city": "Pathankot",
            "country": "India",
            "timezone": "Asia/Kolkata"
        },
        {
            "code": "IXQ",
            "name": "Kamalpur",
            "city": "Kamalpur",
            "country": "India",
            "timezone": "Asia/Kolkata"
        },
        {
            "code": "IXS",
            "name": "Kumbhirgram",
            "city": "Silchar",
            "country": "India",
            "timezone": "Asia/Kolkata"
        },
        {
            "code": "IXT",
            "name": "Pasighat",
            "city": "Pasighat",
            "country": "India",
            "timezone": "Asia/Kolkata"
        },
        {
            "code": "IXV",
            "name": "Along",
            "city": "Along",
            "country": "India",
            "timezone": "Asia/Kolkata"
        },
        {
            "code": "IXW",
            "name": "Sonari",
            "city": "Jamshedpur",
            "country": "India",
            "timezone": "Asia/Kolkata"
        },
        {
            "code": "IXY",
            "name": "Kandla",
            "city": "Kandla",
            "country": "India",
            "timezone": "Asia/Kolkata"
        },
        {
            "code": "LGA",
            "name": "LaGuardia",
            "city": "New York",
            "country": "United States",
            "timezone": "America/New_York"
        },
        {
            "code": "HPN",
            "name": "Westchester County",
            "city": "White Plains",
            "country": "United States",
            "timezone": "America/New_York"
        },
        {
            "code": "SWF",
            "name": "Stewart",
            "city": "Newburgh",
            "country": "United States",
            "timezone": "America/New_York"
        },
        {
            "code": "ISP",
            "name": "Long Island MacArthur",
            "city": "Islip",
            "country": "United States",
            "timezone": "America/New_York"
        },
        {
            "code": "BUF",
            "name": "Buffalo Niagara",
            "city": "Buffalo",
            "country": "United States",
            "timezone": "America/New_York"
        },
        {
            "code": "ROC",
            "name": "Greater Rochester",
            "city": "Rochester",
            "country": "United States",
            "timezone": "America/New_York"
        },
        {
            "code": "SYR",
            "name": "Syracuse Hancock",
            "city": "Syracuse",
            "country": "United States",
            "timezone": "America/New_York"
        },
        {
            "code": "ALB",
            "name": "Albany",
            "city": "Albany",
            "country": "United States",
            "timezone": "America/New_York"
        },
        {
            "code": "BDL",
            "name": "Bradley",
            "city": "Hartford",
            "country": "United States",
            "timezone": "America/New_York"
        },
        {
            "code": "PVD",
            "name": "T. F. Green",
            "city": "Providence",
            "country": "United States",
            "timezone": "America/New_York"
        },
        {
            "code": "MHT",
            "name": "Manchester-Boston Regional",
            "city": "Manchester",
            "country": "United States",
            "timezone": "America/New_York"
        },
        {
            "code": "PWM",
            "name": "Portland Jetport",
            "city": "Portland",
            "country": "United States",
            "timezone": "America/New_York"
        },
        {
            "code": "BGR",
            "name": "Bangor",
            "city": "Bangor",
            "country": "United States",
            "timezone": "America/New_York"
        },
        {
            "code": "BTV",
            "name": "Burlington",
            "city": "Burlington",
            "country": "United States",
            "timezone": "America/New_York"
        },
        {
            "code": "SBA",
            "name": "Santa Barbara Municipal",
            "city": "Santa Barbara",
            "country": "United States",
            "timezone": "America/Los_Angeles"
        },
        {
            "code": "PSP",
            "name": "Palm Springs",
            "city": "Palm Springs",
            "country": "United States",
            "timezone": "America/Los_Angeles"
        },
        {
            "code": "FAT",
            "name": "Fresno Yosemite",
            "city": "Fresno",
            "country": "United States",
            "timezone": "America/Los_Angeles"
        },
        {
            "code": "SBP",
            "name": "San Luis Obispo County Regional",
            "city": "San Luis Obispo",
            "country": "United States",
            "timezone": "America/Los_Angeles"
        },
        {
            "code": "MRY",
            "name": "Monterey Regional",
            "city": "Monterey",
            "country": "United States",
            "timezone": "America/Los_Angeles"
        },
        {
            "code": "STS",
            "name": "Charles M. Schulz–Sonoma County",
            "city": "Santa Rosa",
            "country": "United States",
            "timezone": "America/Los_Angeles"
        },
        {
            "code": "RNO",
            "name": "Reno-Tahoe",
            "city": "Reno",
            "country": "United States",
            "timezone": "America/Los_Angeles"
        },
        {
            "code": "SRQ",
            "name": "Sarasota-Bradenton",
            "city": "Sarasota",
            "country": "United States",
            "timezone": "America/New_York"
        },
        {
            "code": "PNS",
            "name": "Pensacola",
            "city": "Pensacola",
            "country": "United States",
            "timezone": "America/Chicago"
        },
        {
            "code": "TLH",
            "name": "Tallahassee",
            "city": "Tallahassee",
            "country": "United States",
            "timezone": "America/New_York"
        },
        {
            "code": "JAX",
            "name": "Jacksonville",
            "city": "Jacksonville",
            "country": "United States",
            "timezone": "America/New_York"
        },
        {
            "code": "DAB",
            "name": "Daytona Beach",
            "city": "Daytona Beach",
            "country": "United States",
            "timezone": "America/New_York"
        },
        {
            "code": "MLB",
            "name": "Melbourne Orlando",
            "city": "Melbourne",
            "country": "United States",
            "timezone": "America/New_York"
        },
        {
            "code": "VPS",
            "name": "Destin-Fort Walton Beach",
            "city": "Valparaiso",
            "country": "United States",
            "timezone": "America/Chicago"
        },
        {
            "code": "ECP",
            "name": "Northwest Florida Beaches",
            "city": "Panama City",
            "country": "United States",
            "timezone": "America/Chicago"
        },
        {
            "code": "GNV",
            "name": "Gainesville Regional",
            "city": "Gainesville",
            "country": "United States",
            "timezone": "America/New_York"
        },
        {
            "code": "DSM",
            "name": "Des Moines",
            "city": "Des Moines",
            "country": "United States",
            "timezone": "America/Chicago"
        },
        {
            "code": "CID",
            "name": "The Eastern Iowa",
            "city": "Cedar Rapids",
            "country": "United States",
            "timezone": "America/Chicago"
        },
        {
            "code": "MLI",
            "name": "Quad City",
            "city": "Moline",
            "country": "United States",
            "timezone": "America/Chicago"
        },
        {
            "code": "PIA",
            "name": "General Wayne A. Downing Peoria",
            "city": "Peoria",
            "country": "United States",
            "timezone": "America/Chicago"
        },
        {
            "code": "BMI",
            "name": "Central Illinois Regional",
            "city": "Bloomington",
            "country": "United States",
            "timezone": "America/Chicago"
        },
        {
            "code": "GRR",
            "name": "Gerald R. Ford",
            "city": "Grand Rapids",
            "country": "United States",
            "timezone": "America/New_York"
        },
        {
            "code": "FNT",
            "name": "Bishop",
            "city": "Flint",
            "country": "United States",
            "timezone": "America/New_York"
        },
        {
            "code": "LAN",
            "name": "Capital Region",
            "city": "Lansing",
            "country": "United States",
            "timezone": "America/New_York"
        },
        {
            "code": "GRB",
            "name": "Austin Straubel",
            "city": "Green Bay",
            "country": "United States",
            "timezone": "America/Chicago"
        },
        {
            "code": "MSN",
            "name": "Dane County Regional",
            "city": "Madison",
            "country": "United States",
            "timezone": "America/Chicago"
        },
        {
            "code": "BHM",
            "name": "Birmingham-Shuttlesworth",
            "city": "Birmingham",
            "country": "United States",
            "timezone": "America/Chicago"
        },
        {
            "code": "HSV",
            "name": "Huntsville",
            "city": "Huntsville",
            "country": "United States",
            "timezone": "America/Chicago"
        },
        {
            "code": "MOB",
            "name": "Mobile Regional",
            "city": "Mobile",
            "country": "United States",
            "timezone": "America/Chicago"
        },
        {
            "code": "BTR",
            "name": "Baton Rouge Metropolitan",
            "city": "Baton Rouge",
            "country": "United States",
            "timezone": "America/Chicago"
        },
        {
            "code": "LFT",
            "name": "Lafayette Regional",
            "city": "Lafayette",
            "country": "United States",
            "timezone": "America/Chicago"
        },
        {
            "code": "SHV",
            "name": "Shreveport Regional",
            "city": "Shreveport",
            "country": "United States",
            "timezone": "America/Chicago"
        },
        {
            "code": "LIT",
            "name": "Clinton National",
            "city": "Little Rock",
            "country": "United States",
            "timezone": "America/Chicago"
        },
        {
            "code": "XNA",
            "name": "Northwest Arkansas National",
            "city": "Fayetteville",
            "country": "United States",
            "timezone": "America/Chicago"
        },
        {
            "code": "MAF",
            "name": "Midland Air and Space Port",
            "city": "Midland",
            "country": "United States",
            "timezone": "America/Chicago"
        },
        {
            "code": "ELP",
            "name": "El Paso",
            "city": "El Paso",
            "country": "United States",
            "timezone": "America/Denver"
        },
        {
            "code": "GEG",
            "name": "Spokane",
            "city": "Spokane",
            "country": "United States",
            "timezone": "America/Los_Angeles"
        },
        {
            "code": "EUG",
            "name": "Eugene",
            "city": "Eugene",
            "country": "United States",
            "timezone": "America/Los_Angeles"
        },
        {
            "code": "RDM",
            "name": "Redmond Municipal",
            "city": "Redmond",
            "country": "United States",
            "timezone": "America/Los_Angeles"
        },
        {
            "code": "MFR",
            "name": "Rogue Valley-Medford",
            "city": "Medford",
            "country": "United States",
            "timezone": "America/Los_Angeles"
        },
        {
            "code": "BZN",
            "name": "Bozeman Yellowstone",
            "city": "Bozeman",
            "country": "United States",
            "timezone": "America/Denver"
        },
        {
            "code": "MSO",
            "name": "Missoula",
            "city": "Missoula",
            "country": "United States",
            "timezone": "America/Denver"
        },
        {
            "code": "GTF",
            "name": "Great Falls",
            "city": "Great Falls",
            "country": "United States",
            "timezone": "America/Denver"
        },
        {
            "code": "BIL",
            "name": "Billings Logan",
            "city": "Billings",
            "country": "United States",
            "timezone": "America/Denver"
        },
        {
            "code": "COS",
            "name": "Colorado Springs",
            "city": "Colorado Springs",
            "country": "United States",
            "timezone": "America/Denver"
        },
        {
            "code": "ASE",
            "name": "Aspen/Pitkin County",
            "city": "Aspen",
            "country": "United States",
            "timezone": "America/Denver"
        },
        {
            "code": "EGE",
            "name": "Eagle County Regional",
            "city": "Eagle",
            "country": "United States",
            "timezone": "America/Denver"
        },
        {
            "code": "GJT",
            "name": "Grand Junction Regional",
            "city": "Grand Junction",
            "country": "United States",
            "timezone": "America/Denver"
        },
        {
            "code": "DRO",
            "name": "Durango-La Plata County",
            "city": "Durango",
            "country": "United States",
            "timezone": "America/Denver"
        },
        {
            "code": "TUS",
            "name": "Tucson",
            "city": "Tucson",
            "country": "United States",
            "timezone": "America/Phoenix"
        },
        {
            "code": "FLG",
            "name": "Flagstaff Pulliam",
            "city": "Flagstaff",
            "country": "United States",
            "timezone": "America/Phoenix"
        },
        {
            "code": "PRC",
            "name": "Prescott Regional",
            "city": "Prescott",
            "country": "United States",
            "timezone": "America/Phoenix"
        },
        {
            "code": "YUM",
            "name": "Yuma",
            "city": "Yuma",
            "country": "United States",
            "timezone": "America/Phoenix"
        },
        {
            "code": "IFP",
            "name": "Laughlin/Bullhead",
            "city": "Bullhead City",
            "country": "United States",
            "timezone": "America/Phoenix"
        },
        {
            "code": "PSC",
            "name": "Tri-Cities",
            "city": "Pasco",
            "country": "United States",
            "timezone": "America/Los_Angeles"
        },
        {
            "code": "ALW",
            "name": "Walla Walla Regional",
            "city": "Walla Walla",
            "country": "United States",
            "timezone": "America/Los_Angeles"
        },
        {
            "code": "YKM",
            "name": "Yakima Air Terminal",
            "city": "Yakima",
            "country": "United States",
            "timezone": "America/Los_Angeles"
        },
        {
            "code": "BLI",
            "name": "Bellingham",
            "city": "Bellingham",
            "country": "United States",
            "timezone": "America/Los_Angeles"
        },
        {
            "code": "PAE",
            "name": "Paine Field",
            "city": "Everett",
            "country": "United States",
            "timezone": "America/Los_Angeles"
        },
        {
            "code": "MBJ",
            "name": "Sangster",
            "city": "Montego Bay",
            "country": "Jamaica",
            "timezone": "America/Jamaica"
        },
        {
            "code": "BGI",
            "name": "Grantley Adams",
            "city": "Bridgetown",
            "country": "Barbados",
            "timezone": "America/Barbados"
        },
        {
            "code": "NAS",
            "name": "Lynden Pindling",
            "city": "Nassau",
            "country": "Bahamas",
            "timezone": "America/Nassau"
        },
        {
            "code": "POS",
            "name": "Piarco",
            "city": "Port of Spain",
            "country": "Trinidad and Tobago",
            "timezone": "America/Port_of_Spain"
        },
        {
            "code": "HAV",
            "name": "José Martí",
            "city": "Havana",
            "country": "Cuba",
            "timezone": "America/Havana"
        },
        {
            "code": "SJU",
            "name": "Luis Muñoz Marín",
            "city": "San Juan",
            "country": "Puerto Rico",
            "timezone": "America/Puerto_Rico"
        },
        {
            "code": "SDQ",
            "name": "Las Américas",
            "city": "Santo Domingo",
            "country": "Dominican Republic",
            "timezone": "America/Santo_Domingo"
        },
        {
            "code": "PAP",
            "name": "Toussaint Louverture",
            "city": "Port-au-Prince",
            "country": "Haiti",
            "timezone": "America/Port-au-Prince"
        },
        {
            "code": "GND",
            "name": "Maurice Bishop",
            "city": "St. George's",
            "country": "Grenada",
            "timezone": "America/Grenada"
        },
        {
            "code": "UVF",
            "name": "Hewanorra",
            "city": "Vieux Fort",
            "country": "Saint Lucia",
            "timezone": "America/St_Lucia"
        },
        {
            "code": "ANU",
            "name": "V.C. Bird",
            "city": "St. John's",
            "country": "Antigua and Barbuda",
            "timezone": "America/Antigua"
        },
        {
            "code": "GCM",
            "name": "Owen Roberts",
            "city": "George Town",
            "country": "Cayman Islands",
            "timezone": "America/Cayman"
        },
        {
            "code": "AUA",
            "name": "Queen Beatrix",
            "city": "Oranjestad",
            "country": "Aruba",
            "timezone": "America/Aruba"
        },
        {
            "code": "CUR",
            "name": "Hato",
            "city": "Willemstad",
            "country": "Curaçao",
            "timezone": "America/Curacao"
        },
        {
            "code": "BON",
            "name": "Flamingo",
            "city": "Kralendijk",
            "country": "Bonaire",
            "timezone": "America/Kralendijk"
        },
        {
            "code": "SKB",
            "name": "Robert L. Bradshaw",
            "city": "Basseterre",
            "country": "Saint Kitts and Nevis",
            "timezone": "America/St_Kitts"
        },
        {
            "code": "DOM",
            "name": "Douglas-Charles",
            "city": "Roseau",
            "country": "Dominica",
            "timezone": "America/Dominica"
        },
        {
            "code": "BDA",
            "name": "L.F. Wade",
            "city": "Hamilton",
            "country": "Bermuda",
            "timezone": "Atlantic/Bermuda"
        },
        {
            "code": "BER",
            "name": "Berlin Brandenburg",
            "city": "Berlin",
            "country": "Germany",
            "timezone": "Europe/Berlin"
        },
        {
            "code": "MUC",
            "name": "Munich",
            "city": "Munich",
            "country": "Germany",
            "timezone": "Europe/Berlin"
        },
        {
            "code": "ORY",
            "name": "Paris Orly",
            "city": "Paris",
            "country": "France",
            "timezone": "Europe/Paris"
        },
        {
            "code": "LGW",
            "name": "London Gatwick",
            "city": "London",
            "country": "United Kingdom",
            "timezone": "Europe/London"
        },
        {
            "code": "STN",
            "name": "London Stansted",
            "city": "London",
            "country": "United Kingdom",
            "timezone": "Europe/London"
        },
        {
            "code": "MAN",
            "name": "Manchester",
            "city": "Manchester",
            "country": "United Kingdom",
            "timezone": "Europe/London"
        },
        {
            "code": "BHX",
            "name": "Birmingham",
            "city": "Birmingham",
            "country": "United Kingdom",
            "timezone": "Europe/London"
        },
        {
            "code": "EDI",
            "name": "Edinburgh",
            "city": "Edinburgh",
            "country": "United Kingdom",
            "timezone": "Europe/London"
        },
        {
            "code": "GLA",
            "name": "Glasgow",
            "city": "Glasgow",
            "country": "United Kingdom",
            "timezone": "Europe/London"
        },
        {
            "code": "GVA",
            "name": "Geneva",
            "city": "Geneva",
            "country": "Switzerland",
            "timezone": "Europe/Zurich"
        },
        {
            "code": "BSL",
            "name": "EuroAirport Basel Mulhouse Freiburg",
            "city": "Basel",
            "country": "Switzerland",
            "timezone": "Europe/Zurich"
        },
        {
            "code": "IKA",
            "name": "Imam Khomeini",
            "city": "Tehran",
            "country": "Iran",
            "timezone": "Asia/Tehran"
        },
        {
            "code": "AMM",
            "name": "Queen Alia",
            "city": "Amman",
            "country": "Jordan",
            "timezone": "Asia/Amman"
        },
        {
            "code": "BEY",
            "name": "Beirut-Rafic Hariri",
            "city": "Beirut",
            "country": "Lebanon",
            "timezone": "Asia/Beirut"
        },
        {
            "code": "DMM",
            "name": "King Fahd",
            "city": "Dammam",
            "country": "Saudi Arabia",
            "timezone": "Asia/Riyadh"
        },
        {
            "code": "MED",
            "name": "Prince Mohammad bin Abdulaziz",
            "city": "Medina",
            "country": "Saudi Arabia",
            "timezone": "Asia/Riyadh"
        },
        {
            "code": "SHJ",
            "name": "Sharjah",
            "city": "Sharjah",
            "country": "United Arab Emirates",
            "timezone": "Asia/Dubai"
        },
        {
            "code": "DWC",
            "name": "Al Maktoum",
            "city": "Dubai",
            "country": "United Arab Emirates",
            "timezone": "Asia/Dubai"
        },
        {
            "code": "ALY",
            "name": "Alexandria",
            "city": "Alexandria",
            "country": "Egypt",
            "timezone": "Africa/Cairo"
        },
        {
            "code": "HRG",
            "name": "Hurghada",
            "city": "Hurghada",
            "country": "Egypt",
            "timezone": "Africa/Cairo"
        },
        {
            "code": "LXR",
            "name": "Luxor",
            "city": "Luxor",
            "country": "Egypt",
            "timezone": "Africa/Cairo"
        },
        {
            "code": "SSH",
            "name": "Sharm El Sheikh",
            "city": "Sharm El Sheikh",
            "country": "Egypt",
            "timezone": "Africa/Cairo"
        },
        {
            "code": "AKL",
            "name": "Auckland",
            "city": "Auckland",
            "country": "New Zealand",
            "timezone": "Pacific/Auckland"
        },
        {
            "code": "WLG",
            "name": "Wellington",
            "city": "Wellington",
            "country": "New Zealand",
            "timezone": "Pacific/Auckland"
        },
        {
            "code": "CHC",
            "name": "Christchurch",
            "city": "Christchurch",
            "country": "New Zealand",
            "timezone": "Pacific/Auckland"
        },
        {
            "code": "ZQN",
            "name": "Queenstown",
            "city": "Queenstown",
            "country": "New Zealand",
            "timezone": "Pacific/Auckland"
        }
    ]
}